Date,HomeTeam,AwayTeam,FTHG,FTAG,FTR,AvgH,AvgD,AvgA,SeasonCode
15/08/2025,Girona,Vallecano,1,3,A,2.24,3.26,3.26,2526
15/08/2025,Villarreal,Oviedo,2,0,H,1.38,4.74,8.11,2526
16/08/2025,Mallorca,Barcelona,0,3,A,6.75,4.74,1.43,2526
16/08/2025,Alaves,Levante,2,1,H,2.19,3.04,3.64,2526
16/08/2025,Valencia,Sociedad,1,1,D,2.55,2.89,3.07,2526
17/08/2025,Celta,Getafe,0,2,A,1.71,3.48,5.25,2526
17/08/2025,Ath Bilbao,Sevilla,3,2,H,1.55,3.91,6.17,2526
17/08/2025,Espanol,Ath Madrid,2,1,H,6.25,3.86,1.55,2526
18/08/2025,Elche,Betis,1,1,D,3.33,3.27,2.17,2526
19/08/2025,Real Madrid,Osasuna,1,0,H,1.2,6.66,13.16,2526
22/08/2025,Betis,Alaves,1,0,H,1.88,3.38,4.37,2526
23/08/2025,Mallorca,Celta,1,1,D,2.94,3.09,2.52,2526
23/08/2025,Ath Madrid,Elche,1,1,D,1.24,5.74,12.91,2526
23/08/2025,Levante,Barcelona,2,3,A,10.44,6.51,1.24,2526
24/08/2025,Osasuna,Valencia,1,0,H,2.36,3.11,3.13,2526
24/08/2025,Sociedad,Espanol,2,2,D,1.81,3.39,4.6,2526
24/08/2025,Villarreal,Girona,5,0,H,1.52,4.28,5.69,2526
24/08/2025,Oviedo,Real Madrid,0,3,A,9.67,5.24,1.3,2526
25/08/2025,Ath Bilbao,Vallecano,1,0,H,1.69,3.55,5.18,2526
25/08/2025,Sevilla,Getafe,1,2,A,2.25,2.99,3.46,2526
27/08/2025,Celta,Betis,1,1,D,2.19,3.48,3.17,2526
29/08/2025,Elche,Levante,2,0,H,2.17,3.19,3.52,2526
29/08/2025,Valencia,Getafe,3,0,H,2.25,2.94,3.63,2526
30/08/2025,Alaves,Ath Madrid,1,1,D,4.64,3.55,1.78,2526
30/08/2025,Oviedo,Sociedad,1,0,H,3.47,3.1,2.23,2526
30/08/2025,Girona,Sevilla,0,2,A,2.42,3.29,2.94,2526
30/08/2025,Real Madrid,Mallorca,2,1,H,1.18,6.96,14.97,2526
31/08/2025,Celta,Villarreal,1,1,D,2.71,3.53,2.43,2526
31/08/2025,Betis,Ath Bilbao,1,2,A,2.95,3.15,2.46,2526
31/08/2025,Espanol,Osasuna,1,0,H,2.34,3.15,3.09,2526
31/08/2025,Vallecano,Barcelona,1,1,D,6.74,5.11,1.39,2526
12/09/2025,Sevilla,Elche,2,2,D,1.85,3.4,4.47,2526
13/09/2025,Getafe,Oviedo,2,0,H,1.96,3.06,4.45,2526
13/09/2025,Sociedad,Real Madrid,1,2,A,5.25,4.17,1.59,2526
13/09/2025,Ath Bilbao,Alaves,0,1,A,1.57,3.83,6.25,2526
13/09/2025,Ath Madrid,Villarreal,2,0,H,1.81,3.7,4.28,2526
14/09/2025,Celta,Girona,1,1,D,1.69,3.97,4.61,2526
14/09/2025,Levante,Betis,2,2,D,3.18,3.26,2.25,2526
14/09/2025,Osasuna,Vallecano,2,0,H,2.48,3.15,2.91,2526
14/09/2025,Barcelona,Valencia,6,0,H,1.2,7.01,11.38,2526
15/09/2025,Espanol,Mallorca,3,2,H,2.14,3.22,3.46,2526
19/09/2025,Betis,Sociedad,3,1,H,1.93,3.6,3.8,2526
20/09/2025,Girona,Levante,0,4,A,1.93,3.51,3.95,2526
20/09/2025,Real Madrid,Espanol,2,0,H,1.2,6.67,13.36,2526
20/09/2025,Alaves,Sevilla,1,2,A,2.3,3.11,3.29,2526
20/09/2025,Villarreal,Osasuna,2,1,H,1.55,4.2,5.76,2526
20/09/2025,Valencia,Ath Bilbao,2,0,H,3.02,3.07,2.48,2526
21/09/2025,Vallecano,Celta,1,1,D,2.31,3.23,3.09,2526
21/09/2025,Mallorca,Ath Madrid,1,1,D,5.05,3.51,1.72,2526
21/09/2025,Elche,Oviedo,1,0,H,1.93,3.14,4.3,2526
21/09/2025,Barcelona,Getafe,3,0,H,1.22,6.27,11.89,2526
23/09/2025,Ath Bilbao,Girona,1,1,D,1.44,4.39,7.23,2526
23/09/2025,Espanol,Valencia,2,2,D,2.26,3.18,3.3,2526
23/09/2025,Levante,Real Madrid,1,4,A,8.29,5.69,1.31,2526
23/09/2025,Sevilla,Villarreal,1,2,A,3.07,3.29,2.32,2526
24/09/2025,Getafe,Alaves,1,1,D,2.3,2.87,3.6,2526
24/09/2025,Ath Madrid,Vallecano,3,2,H,1.5,4.25,6.31,2526
24/09/2025,Sociedad,Mallorca,1,0,H,1.79,3.49,4.69,2526
25/09/2025,Osasuna,Elche,1,1,D,1.97,3.12,4.21,2526
25/09/2025,Oviedo,Barcelona,1,3,A,9.68,6.19,1.25,2526
26/09/2025,Girona,Espanol,0,0,D,2.44,3.31,2.87,2526
27/09/2025,Getafe,Levante,1,1,D,2.05,3.13,3.95,2526
27/09/2025,Ath Madrid,Real Madrid,5,2,H,2.94,3.53,2.29,2526
27/09/2025,Mallorca,Alaves,1,0,H,2.33,2.97,3.4,2526
27/09/2025,Villarreal,Ath Bilbao,1,0,H,2.08,3.3,3.64,2526
28/09/2025,Vallecano,Sevilla,0,1,A,2,3.28,3.8,2526
28/09/2025,Elche,Celta,2,1,H,2.78,3.14,2.57,2526
28/09/2025,Barcelona,Sociedad,2,1,H,1.27,5.88,9.61,2526
28/09/2025,Betis,Osasuna,2,0,H,1.75,3.68,4.5,2526
30/09/2025,Valencia,Oviedo,1,2,A,1.68,3.64,5.11,2526
03/10/2025,Osasuna,Getafe,2,1,H,2.15,2.86,4.1,2526
04/10/2025,Oviedo,Levante,0,2,A,2.48,3.26,2.86,2526
04/10/2025,Girona,Valencia,2,1,H,2.43,3.37,2.84,2526
04/10/2025,Ath Bilbao,Mallorca,2,1,H,1.52,3.92,6.8,2526
04/10/2025,Real Madrid,Villarreal,3,1,H,1.44,4.98,6.1,2526
05/10/2025,Alaves,Elche,3,1,H,2.34,3.01,3.26,2526
05/10/2025,Sevilla,Barcelona,4,1,H,5.84,4.97,1.45,2526
05/10/2025,Espanol,Betis,1,2,A,2.57,3.38,2.63,2526
05/10/2025,Sociedad,Vallecano,0,1,A,2.04,3.34,3.59,2526
05/10/2025,Celta,Ath Madrid,1,1,D,4.34,3.74,1.77,2526
17/10/2025,Oviedo,Espanol,0,2,A,2.98,3.02,2.53,2526
18/10/2025,Sevilla,Mallorca,1,3,A,1.85,3.39,4.46,2526
18/10/2025,Barcelona,Girona,2,1,H,1.19,7.39,12.16,2526
18/10/2025,Villarreal,Betis,2,2,D,1.88,3.73,3.87,2526
18/10/2025,Ath Madrid,Osasuna,1,0,H,1.37,4.68,8.72,2526
19/10/2025,Elche,Ath Bilbao,0,0,D,3.58,3.2,2.12,2526
19/10/2025,Celta,Sociedad,1,1,D,2.1,3.33,3.46,2526
19/10/2025,Levante,Vallecano,0,3,A,2.75,3.33,2.5,2526
19/10/2025,Getafe,Real Madrid,0,1,A,7.63,4.38,1.42,2526
20/10/2025,Alaves,Valencia,0,0,D,2.25,3.06,3.4,2526
24/10/2025,Sociedad,Sevilla,2,1,H,1.99,3.42,3.81,2526
25/10/2025,Girona,Oviedo,3,3,D,1.8,3.52,4.6,2526
25/10/2025,Espanol,Elche,1,0,H,1.97,3.34,3.91,2526
25/10/2025,Ath Bilbao,Getafe,0,1,A,1.65,3.49,6.08,2526
25/10/2025,Valencia,Villarreal,0,2,A,3.19,3.47,2.18,2526
26/10/2025,Mallorca,Levante,1,1,D,2.1,3.26,3.58,2526
26/10/2025,Real Madrid,Barcelona,2,1,H,1.99,4.07,3.16,2526
26/10/2025,Osasuna,Celta,2,3,A,2.36,3.17,3.08,2526
26/10/2025,Vallecano,Alaves,1,0,H,2.08,3.06,3.88,2526
27/10/2025,Betis,Ath Madrid,0,2,A,3.1,3.52,2.17,2526
31/10/2025,Getafe,Girona,2,1,H,2.15,2.95,3.91,2526
01/11/2025,Villarreal,Vallecano,4,0,H,1.69,3.85,4.8,2526
01/11/2025,Ath Madrid,Sevilla,3,0,H,1.32,5.3,8.78,2526
01/11/2025,Sociedad,Ath Bilbao,3,2,H,2.74,2.98,2.77,2526
01/11/2025,Real Madrid,Valencia,4,0,H,1.17,7.58,14.28,2526
02/11/2025,Levante,Celta,1,2,A,2.81,3.35,2.43,2526
02/11/2025,Alaves,Espanol,2,1,H,2.38,3.01,3.24,2526
02/11/2025,Barcelona,Elche,3,1,H,1.21,6.46,12.22,2526
02/11/2025,Betis,Mallorca,3,0,H,1.58,4.02,5.42,2526
03/11/2025,Oviedo,Osasuna,0,0,D,2.95,3.01,2.52,2526
07/11/2025,Elche,Sociedad,1,1,D,2.71,3.13,2.7,2526
08/11/2025,Girona,Alaves,1,0,H,2.41,3.16,3.05,2526
08/11/2025,Sevilla,Osasuna,1,0,H,2.16,3.21,3.52,2526
08/11/2025,Ath Madrid,Levante,3,1,H,1.21,6.53,12.28,2526
08/11/2025,Espanol,Villarreal,0,2,A,2.82,3.54,2.37,2526
09/11/2025,Ath Bilbao,Oviedo,1,0,H,1.48,3.9,7.53,2526
09/11/2025,Vallecano,Real Madrid,0,0,D,5.93,4.64,1.47,2526
09/11/2025,Mallorca,Getafe,1,0,H,2.47,2.84,3.25,2526
09/11/2025,Valencia,Betis,1,1,D,3.17,3.36,2.22,2526
09/11/2025,Celta,Barcelona,2,4,A,4.59,4.29,1.63,2526
21/11/2025,Valencia,Levante,1,0,H,2,3.53,3.66,2526
22/11/2025,Alaves,Celta,0,1,A,2.56,3.04,2.94,2526
22/11/2025,Barcelona,Ath Bilbao,4,0,H,1.41,5.01,6.7,2526
22/11/2025,Osasuna,Sociedad,1,3,A,2.75,3.09,2.68,2526
22/11/2025,Villarreal,Mallorca,2,1,H,1.43,4.65,7.07,2526
23/11/2025,Oviedo,Vallecano,0,0,D,3.35,3.23,2.19,2526
23/11/2025,Betis,Girona,1,1,D,1.53,4.35,5.46,2526
23/11/2025,Getafe,Ath Madrid,0,1,A,5.1,3.41,1.74,2526
23/11/2025,Elche,Real Madrid,2,2,D,7.48,5.27,1.35,2526
24/11/2025,Espanol,Sevilla,2,1,H,2.07,3.29,3.59,2526
28/11/2025,Getafe,Elche,1,0,H,2.19,2.91,3.84,2526
29/11/2025,Mallorca,Osasuna,2,2,D,2.34,3.03,3.3,2526
29/11/2025,Barcelona,Alaves,3,1,H,1.19,7.14,12.97,2526
29/11/2025,Levante,Ath Bilbao,0,2,A,3.41,3.36,2.14,2526
29/11/2025,Ath Madrid,Oviedo,2,0,H,1.21,6.16,14.78,2526
30/11/2025,Sociedad,Villarreal,2,3,A,2.81,3.35,2.43,2526
30/11/2025,Sevilla,Betis,0,2,A,2.9,3.34,2.35,2526
30/11/2025,Celta,Espanol,0,1,A,1.98,3.42,3.73,2526
30/11/2025,Girona,Real Madrid,1,1,D,6.6,5.05,1.4,2526
01/12/2025,Vallecano,Valencia,1,1,D,1.92,3.3,4.11,2526
02/12/2025,Barcelona,Ath Madrid,3,1,H,1.73,4.21,4.07,2526
03/12/2025,Ath Bilbao,Real Madrid,0,3,A,4.17,3.87,1.79,2526
05/12/2025,Oviedo,Mallorca,0,0,D,2.62,2.97,2.93,2526
06/12/2025,Villarreal,Getafe,2,0,H,1.6,3.79,5.95,2526
06/12/2025,Alaves,Sociedad,1,0,H,2.75,2.98,2.77,2526
06/12/2025,Betis,Barcelona,3,5,A,4.01,4.37,1.73,2526
06/12/2025,Ath Bilbao,Ath Madrid,1,0,H,3.31,3.28,2.22,2526
07/12/2025,Elche,Girona,3,0,H,2.12,3.41,3.34,2526
07/12/2025,Valencia,Sevilla,1,1,D,2.12,3.33,3.41,2526
07/12/2025,Espanol,Vallecano,1,0,H,2.25,3.19,3.18,2526
07/12/2025,Real Madrid,Celta,0,2,A,1.29,5.65,8.81,2526
08/12/2025,Osasuna,Levante,2,0,H,1.74,3.64,4.59,2526
12/12/2025,Sociedad,Girona,1,2,A,1.72,3.73,4.73,2526
13/12/2025,Ath Madrid,Valencia,2,1,H,1.29,5.21,10.58,2526
13/12/2025,Mallorca,Elche,3,1,H,2.42,3.07,3.1,2526
13/12/2025,Barcelona,Osasuna,2,0,H,1.2,7.34,11.63,2526
13/12/2025,Getafe,Espanol,0,1,A,2.52,2.85,3.18,2526
14/12/2025,Sevilla,Oviedo,4,0,H,1.88,3.32,4.3,2526
14/12/2025,Celta,Ath Bilbao,2,0,H,2.6,3.14,2.75,2526
14/12/2025,Alaves,Real Madrid,1,2,A,5.4,3.94,1.6,2526
15/12/2025,Vallecano,Betis,0,0,D,2.52,3.35,2.69,2526
19/12/2025,Valencia,Mallorca,1,1,D,1.98,3.19,4.08,2526
20/12/2025,Oviedo,Celta,0,0,D,3.7,3.27,2.07,2526
20/12/2025,Levante,Sociedad,1,1,D,3.29,3.41,2.15,2526
20/12/2025,Osasuna,Alaves,3,0,H,2.22,3.02,3.57,2526
20/12/2025,Real Madrid,Sevilla,2,0,H,1.21,6.82,12.31,2526
21/12/2025,Girona,Ath Madrid,0,3,A,4.79,4.01,1.65,2526
21/12/2025,Villarreal,Barcelona,0,2,A,3.39,4.53,1.82,2526
21/12/2025,Elche,Vallecano,4,0,H,2.44,3.05,3.05,2526
21/12/2025,Betis,Getafe,4,0,H,1.7,3.44,5.36,2526
22/12/2025,Ath Bilbao,Espanol,1,2,A,1.74,3.46,4.92,2526
02/01/2026,Vallecano,Getafe,1,1,D,2.04,2.86,4.46,2526
03/01/2026,Celta,Valencia,4,1,H,1.96,3.31,4,2526
03/01/2026,Osasuna,Ath Bilbao,1,1,D,3.03,2.94,2.54,2526
03/01/2026,Elche,Villarreal,1,3,A,3.19,3.49,2.18,2526
03/01/2026,Espanol,Barcelona,0,2,A,5.35,4.72,1.51,2526
04/01/2026,Sevilla,Levante,0,3,A,1.77,3.6,4.48,2526
04/01/2026,Real Madrid,Betis,5,1,H,1.46,4.67,5.99,2526
04/01/2026,Alaves,Oviedo,1,1,D,1.84,3.08,5.02,2526
04/01/2026,Mallorca,Girona,1,2,A,2.24,3.12,3.34,2526
04/01/2026,Sociedad,Ath Madrid,1,1,D,3.82,3.51,1.92,2526
09/01/2026,Getafe,Sociedad,1,2,A,3.38,2.83,2.43,2526
10/01/2026,Oviedo,Betis,1,1,D,4.13,3.42,1.9,2526
10/01/2026,Villarreal,Alaves,3,1,H,1.46,4.32,6.96,2526
10/01/2026,Girona,Osasuna,1,0,H,2.36,3.2,3.07,2526
10/01/2026,Valencia,Elche,1,1,D,2.18,3.18,3.48,2526
11/01/2026,Vallecano,Mallorca,2,1,H,1.88,3.23,4.46,2526
11/01/2026,Levante,Espanol,1,1,D,3.05,3.28,2.31,2526
12/01/2026,Sevilla,Celta,0,1,A,2.54,3.27,2.71,2526
16/01/2026,Espanol,Girona,0,2,A,1.87,3.43,4.26,2526
17/01/2026,Real Madrid,Levante,2,0,H,1.16,8.13,14.17,2526
17/01/2026,Mallorca,Ath Bilbao,3,2,H,3.62,3.04,2.2,2526
17/01/2026,Osasuna,Oviedo,3,2,H,1.77,3.39,4.99,2526
17/01/2026,Betis,Villarreal,2,0,H,2.53,3.51,2.63,2526
18/01/2026,Getafe,Valencia,0,1,A,2.51,2.77,3.26,2526
18/01/2026,Ath Madrid,Alaves,1,0,H,1.3,5.12,10.03,2526
18/01/2026,Celta,Vallecano,3,0,H,2.03,3.18,3.86,2526
18/01/2026,Sociedad,Barcelona,2,1,H,4.93,4.5,1.56,2526
19/01/2026,Elche,Sevilla,2,2,D,2.23,3.3,3.16,2526
23/01/2026,Levante,Elche,3,2,H,2.23,3.24,3.21,2526
24/01/2026,Vallecano,Osasuna,1,3,A,2.13,3.15,3.68,2526
24/01/2026,Valencia,Espanol,3,2,H,2.39,3.17,3.07,2526
24/01/2026,Sevilla,Ath Bilbao,2,1,H,2.88,3.07,2.58,2526
24/01/2026,Villarreal,Real Madrid,0,2,A,3.32,3.84,2,2526
25/01/2026,Ath Madrid,Mallorca,3,0,H,1.28,5.36,10,2526
25/01/2026,Barcelona,Oviedo,3,0,H,1.09,9.93,20.27,2526
25/01/2026,Sociedad,Celta,3,1,H,1.99,3.37,3.77,2526
25/01/2026,Alaves,Betis,2,1,H,2.8,3.05,2.61,2526
26/01/2026,Girona,Getafe,1,1,D,2.08,3.01,3.93,2526
30/01/2026,Espanol,Alaves,1,2,A,1.95,3.07,4.47,2526
31/01/2026,Oviedo,Girona,1,0,H,2.67,3.08,2.77,2526
31/01/2026,Osasuna,Villarreal,2,2,D,2.75,3.31,2.53,2526
31/01/2026,Levante,Ath Madrid,0,0,D,5.25,4.08,1.6,2526
31/01/2026,Elche,Barcelona,1,3,A,7.55,5.66,1.33,2526
01/02/2026,Real Madrid,Vallecano,2,1,H,1.24,5.96,10.69,2526
01/02/2026,Betis,Valencia,2,1,H,1.83,3.47,4.31,2526
01/02/2026,Getafe,Celta,0,0,D,2.82,2.85,2.76,2526
01/02/2026,Ath Bilbao,Sociedad,1,1,D,2.24,3.1,3.33,2526
02/02/2026,Mallorca,Sevilla,4,1,H,2.39,3.12,3.05,2526
06/02/2026,Celta,Osasuna,1,2,A,1.97,3.27,4.06,2526
07/02/2026,Barcelona,Mallorca,3,0,H,1.15,8.3,14.69,2526
07/02/2026,Sociedad,Elche,3,1,H,1.64,3.97,5.04,2526
08/02/2026,Alaves,Getafe,0,2,A,2.3,2.78,3.69,2526
08/02/2026,Ath Bilbao,Levante,4,2,H,1.61,3.8,5.52,2526
08/02/2026,Sevilla,Girona,1,1,D,2.09,3.33,3.51,2526
08/02/2026,Ath Madrid,Betis,0,1,A,1.47,4.47,6.15,2526
08/02/2026,Valencia,Real Madrid,0,2,A,5.59,4.47,1.51,2526
09/02/2026,Villarreal,Espanol,4,1,H,1.67,3.99,4.53,2526
13/02/2026,Elche,Osasuna,0,0,D,2.77,3.11,2.64,2526
14/02/2026,Espanol,Celta,2,2,D,2.41,3.16,2.97,2526
14/02/2026,Getafe,Villarreal,2,1,H,3.23,3.07,2.31,2526
14/02/2026,Sevilla,Alaves,1,1,D,2.09,3.12,3.71,2526
14/02/2026,Real Madrid,Sociedad,4,1,H,1.34,5.27,7.59,2526
15/02/2026,Oviedo,Ath Bilbao,1,2,A,3.55,3.1,2.16,2526
15/02/2026,Vallecano,Ath Madrid,3,0,H,4.1,3.45,1.86,2526
15/02/2026,Levante,Valencia,0,2,A,2.69,3.25,2.56,2526
15/02/2026,Mallorca,Betis,1,2,A,2.93,3.21,2.41,2526
16/02/2026,Girona,Barcelona,2,1,H,6.57,5.37,1.37,2526
18/02/2026,Levante,Villarreal,0,1,A,3.97,3.84,1.81,2526
20/02/2026,Ath Bilbao,Elche,2,1,H,1.66,3.83,5.03,2526
21/02/2026,Sociedad,Oviedo,3,3,D,1.46,4.06,7.52,2526
21/02/2026,Betis,Vallecano,1,1,D,1.88,3.45,4.19,2526
21/02/2026,Osasuna,Real Madrid,2,1,H,4.67,3.98,1.68,2526
21/02/2026,Ath Madrid,Espanol,4,2,H,1.47,4.25,6.87,2526
22/02/2026,Getafe,Sevilla,0,1,A,2.39,2.87,3.31,2526
22/02/2026,Barcelona,Levante,3,0,H,1.1,9.98,17.54,2526
22/02/2026,Celta,Mallorca,2,0,H,1.81,3.4,4.53,2526
22/02/2026,Villarreal,Valencia,2,1,H,1.69,3.86,4.62,2526
23/02/2026,Alaves,Girona,2,2,D,2.29,2.96,3.4,2526
27/02/2026,Levante,Alaves,2,0,H,2.63,3.08,2.81,2526
28/02/2026,Vallecano,Ath Bilbao,1,1,D,2.41,3.09,3.1,2526
28/02/2026,Barcelona,Villarreal,4,1,H,1.29,6.15,8.02,2526
28/02/2026,Mallorca,Sociedad,0,1,A,2.97,3.24,2.39,2526
28/02/2026,Oviedo,Ath Madrid,0,1,A,5.33,3.6,1.67,2526
01/03/2026,Elche,Espanol,2,2,D,2.38,3.17,3,2526
01/03/2026,Valencia,Osasuna,1,0,H,2.33,3.12,3.13,2526
01/03/2026,Betis,Sevilla,2,2,D,1.77,3.63,4.42,2526
01/03/2026,Girona,Celta,1,2,A,2.4,3.28,2.86,2526
02/03/2026,Real Madrid,Getafe,0,1,A,1.28,5.12,10.52,2526
04/03/2026,Vallecano,Oviedo,3,0,H,1.68,3.63,5.22,2526
06/03/2026,Celta,Real Madrid,1,2,A,3.15,3.33,2.25,2526
07/03/2026,Osasuna,Mallorca,2,2,D,1.74,3.55,4.93,2526
07/03/2026,Levante,Girona,1,1,D,2.78,3.35,2.46,2526
07/03/2026,Ath Madrid,Sociedad,3,2,H,1.6,3.98,5.32,2526
07/03/2026,Ath Bilbao,Barcelona,0,1,A,4.75,4.31,1.61,2526
08/03/2026,Villarreal,Elche,2,1,H,1.47,4.49,5.99,2526
08/03/2026,Getafe,Betis,2,0,H,2.8,2.84,2.72,2526
08/03/2026,Sevilla,Vallecano,1,1,D,2.47,3.1,2.93,2526
08/03/2026,Valencia,Alaves,3,2,H,2.06,3.1,3.85,2526
09/03/2026,Espanol,Oviedo,1,1,D,1.88,3.31,4.25,2526
13/03/2026,Alaves,Villarreal,1,1,D,3.25,3.35,2.19,2526
14/03/2026,Girona,Ath Bilbao,3,0,H,2.66,3.31,2.59,2526
14/03/2026,Ath Madrid,Getafe,1,0,H,1.55,3.67,6.91,2526
14/03/2026,Oviedo,Valencia,1,0,H,2.86,3.11,2.53,2526
14/03/2026,Real Madrid,Elche,4,1,H,1.3,5.66,8.41,2526
15/03/2026,Mallorca,Espanol,2,1,H,2.3,3.09,3.19,2526
15/03/2026,Barcelona,Sevilla,5,2,H,1.26,6.06,9.19,2526
15/03/2026,Betis,Celta,1,1,D,2.18,3.25,3.29,2526
15/03/2026,Sociedad,Osasuna,3,1,H,1.87,3.43,4.06,2526
16/03/2026,Vallecano,Levante,1,1,D,1.67,3.74,4.92,2526
20/03/2026,Villarreal,Sociedad,3,1,H,1.93,3.62,3.72,2526
21/03/2026,Elche,Mallorca,2,1,H,2.1,3.3,3.49,2526
21/03/2026,Espanol,Getafe,1,2,A,2.4,2.92,3.28,2526
21/03/2026,Levante,Oviedo,4,2,H,2.18,3.28,3.33,2526
21/03/2026,Osasuna,Girona,1,0,H,2.17,3.35,3.29,2526
21/03/2026,Sevilla,Valencia,0,2,A,2.24,3.13,3.34,2526
22/03/2026,Barcelona,Vallecano,1,0,H,1.22,6.54,9.96,2526
22/03/2026,Celta,Alaves,3,4,A,1.81,3.33,4.64,2526
22/03/2026,Ath Bilbao,Betis,2,1,H,2.18,3.39,3.17,2526
22/03/2026,Real Madrid,Ath Madrid,3,2,H,1.91,3.78,3.54,2526
03/04/2026,Vallecano,Elche,1,0,H,1.72,3.77,4.7,2526
04/04/2026,Sociedad,Levante,2,0,H,1.57,4.18,5.42,2526
04/04/2026,Mallorca,Real Madrid,2,1,H,5.51,4.22,1.55,2526
04/04/2026,Betis,Espanol,0,0,D,1.71,3.88,4.59,2526
04/04/2026,Ath Madrid,Barcelona,1,2,A,3,3.77,2.15,2526
05/04/2026,Getafe,Ath Bilbao,2,0,H,2.99,2.82,2.63,2526
05/04/2026,Valencia,Celta,2,3,A,2.3,3.22,3.07,2526
05/04/2026,Oviedo,Sevilla,1,0,H,2.82,2.97,2.64,2526
05/04/2026,Alaves,Osasuna,2,2,D,2.43,3.11,2.97,2526
06/04/2026,Girona,Villarreal,1,0,H,3.09,3.45,2.19,2526
10/04/2026,Real Madrid,Girona,1,1,D,1.3,5.76,8.57,2526
11/04/2026,Sociedad,Alaves,3,3,D,1.72,3.68,4.76,2526
11/04/2026,Elche,Valencia,1,0,H,2.5,3.24,2.83,2526
11/04/2026,Barcelona,Espanol,4,1,H,1.26,6.26,9.39,2526
11/04/2026,Sevilla,Ath Madrid,2,1,H,2.78,3.12,2.63,2526
12/04/2026,Osasuna,Betis,1,1,D,2.2,3.39,3.14,2526
12/04/2026,Mallorca,Vallecano,3,0,H,2.41,3.15,2.96,2526
12/04/2026,Celta,Oviedo,0,3,A,1.66,3.8,4.9,2526
12/04/2026,Ath Bilbao,Villarreal,1,2,A,2.26,3.41,2.99,2526
13/04/2026,Levante,Getafe,1,0,H,2.69,2.95,2.78,2526
21/04/2026,Ath Bilbao,Osasuna,1,0,H,1.82,3.47,4.4,2526
21/04/2026,Mallorca,Valencia,1,1,D,2.51,3.12,2.88,2526
21/04/2026,Girona,Betis,2,3,A,2.39,3.37,2.88,2526
21/04/2026,Real Madrid,Alaves,2,1,H,1.23,6.46,11.23,2526
22/04/2026,Elche,Ath Madrid,3,2,H,2.65,3.61,2.44,2526
22/04/2026,Sociedad,Getafe,0,1,A,2.22,3.01,3.58,2526
22/04/2026,Barcelona,Celta,1,0,H,1.23,6.72,10.25,2526
23/04/2026,Levante,Sevilla,2,0,H,2.49,3.19,2.81,2526
23/04/2026,Vallecano,Espanol,1,0,H,2.08,3.2,3.65,2526
23/04/2026,Oviedo,Villarreal,1,1,D,3.66,3.32,2.03,2526
24/04/2026,Betis,Real Madrid,1,1,D,3.65,4.03,1.84,2526
25/04/2026,Alaves,Mallorca,2,1,H,2.13,3.13,3.61,2526
25/04/2026,Getafe,Barcelona,0,2,A,5.2,3.93,1.61,2526
25/04/2026,Valencia,Girona,2,1,H,2.06,3.39,3.49,2526
25/04/2026,Ath Madrid,Ath Bilbao,3,2,H,2.16,3.48,3.15,2526
26/04/2026,Vallecano,Sociedad,3,3,D,2.62,3.23,2.63,2526
26/04/2026,Oviedo,Elche,1,2,A,2.34,3.29,2.93,2526
26/04/2026,Osasuna,Sevilla,2,1,H,2.03,3.35,3.55,2526
26/04/2026,Villarreal,Celta,2,1,H,2.03,3.35,3.57,2526
27/04/2026,Espanol,Levante,0,0,D,1.98,3.36,3.72,2526
01/05/2026,Girona,Mallorca,0,1,A,2.04,3.43,3.57,2526
02/05/2026,Villarreal,Levante,5,1,H,1.7,4.09,4.31,2526
02/05/2026,Valencia,Ath Madrid,0,2,A,1.78,3.77,4.19,2526
02/05/2026,Alaves,Ath Bilbao,2,4,A,2.65,3.35,2.55,2526
02/05/2026,Osasuna,Barcelona,1,2,A,4.35,3.97,1.71,2526
03/05/2026,Celta,Elche,3,1,H,1.75,3.81,4.24,2526
03/05/2026,Getafe,Vallecano,0,2,A,1.93,3.17,4.15,2526
03/05/2026,Betis,Oviedo,3,0,H,1.54,4.02,5.75,2526
03/05/2026,Espanol,Real Madrid,0,2,A,4.3,3.84,1.73,2526
04/05/2026,Sevilla,Sociedad,1,0,H,2.34,3.35,2.87,2526
08/05/2026,Levante,Osasuna,3,2,H,2.51,3.23,2.81,2526
09/05/2026,Elche,Alaves,1,1,D,2.22,3.32,3.2,2526
09/05/2026,Sevilla,Espanol,2,1,H,2.02,3.34,3.66,2526
09/05/2026,Ath Madrid,Celta,0,1,A,2.08,3.47,3.34,2526
09/05/2026,Sociedad,Betis,2,2,D,2.48,3.55,2.59,2526
10/05/2026,Mallorca,Villarreal,1,1,D,2.32,3.48,2.83,2526
10/05/2026,Ath Bilbao,Valencia,0,1,A,1.71,3.67,4.73,2526
10/05/2026,Oviedo,Getafe,0,0,D,3.03,3.03,2.42,2526
10/05/2026,Barcelona,Real Madrid,2,0,H,1.61,4.65,4.28,2526
11/05/2026,Vallecano,Girona,1,1,D,2.3,3.39,2.92,2526
12/05/2026,Celta,Levante,2,3,A,1.78,3.78,4.17,2526
12/05/2026,Betis,Elche,2,1,H,1.57,4.16,5.25,2526
12/05/2026,Osasuna,Ath Madrid,1,2,A,2.51,3.51,2.61,2526
13/05/2026,Espanol,Ath Bilbao,2,0,H,2.61,3.21,2.69,2526
13/05/2026,Villarreal,Sevilla,2,3,A,2.09,3.29,3.5,2526
13/05/2026,Alaves,Barcelona,1,0,H,3.09,3.75,2.1,2526
13/05/2026,Getafe,Mallorca,3,1,H,2.19,3.07,3.51,2526
14/05/2026,Valencia,Vallecano,1,1,D,2.17,3.33,3.23,2526
14/05/2026,Girona,Sociedad,1,1,D,2.06,3.64,3.21,2526
14/05/2026,Real Madrid,Oviedo,2,0,H,1.23,6.28,10.42,2526
17/05/2026,Ath Bilbao,Celta,1,1,D,2.15,3.11,3.42,2526
17/05/2026,Ath Madrid,Girona,1,0,H,1.74,3.74,4.25,2526
17/05/2026,Elche,Getafe,1,0,H,2.2,2.91,3.57,2526
17/05/2026,Levante,Mallorca,2,0,H,2.12,3.33,3.27,2526
17/05/2026,Osasuna,Espanol,1,2,A,2.05,3.11,3.7,2526
17/05/2026,Oviedo,Alaves,0,1,A,3.69,3.56,1.9,2526
17/05/2026,Sevilla,Real Madrid,0,1,A,3.03,3.5,2.16,2526
17/05/2026,Sociedad,Valencia,3,4,A,2.13,3.37,3.21,2526
17/05/2026,Vallecano,Villarreal,2,0,H,2.38,3.48,2.69,2526
17/05/2026,Barcelona,Betis,3,1,H,1.33,5.5,7.08,2526
23/05/2026,Alaves,Vallecano,1,2,A,2.41,3.31,2.82,2526
23/05/2026,Betis,Levante,2,1,H,2.19,3.26,3.26,2526
23/05/2026,Celta,Sevilla,1,0,H,1.74,3.68,4.52,2526
23/05/2026,Espanol,Sociedad,1,1,D,2.4,3.41,2.76,2526
23/05/2026,Getafe,Osasuna,1,0,H,2.41,2.77,3.38,2526
23/05/2026,Girona,Elche,1,1,D,1.76,3.86,4.16,2526
23/05/2026,Mallorca,Oviedo,3,0,H,1.45,4.33,6.9,2526
23/05/2026,Real Madrid,Ath Bilbao,4,2,H,1.46,4.63,5.84,2526
23/05/2026,Valencia,Barcelona,3,1,H,3.54,3.98,1.84,2526
24/05/2026,Villarreal,Ath Madrid,5,1,H,2.39,3.71,2.58,2526
15/08/2024,Ath Bilbao,Getafe,1,1,D,1.51,4.04,7.61,2425
15/08/2024,Betis,Girona,1,1,D,2.4,3.38,3.02,2425
16/08/2024,Celta,Alaves,2,1,H,2.03,3.32,4.02,2425
16/08/2024,Las Palmas,Sevilla,2,2,D,2.83,3.21,2.65,2425
17/08/2024,Osasuna,Leganes,1,1,D,1.88,3.44,4.48,2425
17/08/2024,Valencia,Barcelona,1,2,A,4.76,3.87,1.74,2425
18/08/2024,Sociedad,Vallecano,1,2,A,1.59,3.74,6.63,2425
18/08/2024,Mallorca,Real Madrid,1,1,D,7.33,4.34,1.47,2425
19/08/2024,Valladolid,Espanol,1,0,H,2.36,3.1,3.34,2425
19/08/2024,Villarreal,Ath Madrid,2,2,D,3.33,3.67,2.12,2425
23/08/2024,Celta,Valencia,3,1,H,2.12,3.35,3.65,2425
23/08/2024,Sevilla,Villarreal,1,2,A,2.4,3.55,2.88,2425
24/08/2024,Osasuna,Mallorca,1,0,H,2.47,3.01,3.22,2425
24/08/2024,Barcelona,Ath Bilbao,2,1,H,1.64,4.18,5.05,2425
24/08/2024,Espanol,Sociedad,0,1,A,4,3.13,2.1,2425
24/08/2024,Getafe,Vallecano,0,0,D,2.5,2.93,3.27,2425
25/08/2024,Real Madrid,Valladolid,3,0,H,1.17,7.96,15.17,2425
25/08/2024,Leganes,Las Palmas,2,1,H,2.29,2.99,3.64,2425
25/08/2024,Alaves,Betis,0,0,D,2.4,3.12,3.21,2425
25/08/2024,Ath Madrid,Girona,3,0,H,1.6,4.27,5.31,2425
26/08/2024,Villarreal,Celta,4,3,H,1.96,3.56,3.82,2425
27/08/2024,Mallorca,Sevilla,0,0,D,2.41,3.11,3.26,2425
27/08/2024,Vallecano,Barcelona,1,2,A,5.33,3.95,1.66,2425
28/08/2024,Ath Bilbao,Valencia,1,0,H,1.62,3.89,5.91,2425
28/08/2024,Valladolid,Leganes,0,0,D,2.32,3.01,3.58,2425
28/08/2024,Ath Madrid,Espanol,0,0,D,1.3,5.42,11.24,2425
28/08/2024,Sociedad,Alaves,1,2,A,1.71,3.57,5.64,2425
29/08/2024,Girona,Osasuna,4,0,H,1.73,3.94,4.53,2425
29/08/2024,Las Palmas,Real Madrid,1,1,D,8.01,5.09,1.38,2425
31/08/2024,Barcelona,Valladolid,7,0,H,1.25,6.45,11.72,2425
31/08/2024,Ath Bilbao,Ath Madrid,0,1,A,3.01,3.34,2.43,2425
31/08/2024,Espanol,Vallecano,2,1,H,2.78,3.03,2.84,2425
31/08/2024,Leganes,Mallorca,0,1,A,2.56,2.9,3.27,2425
31/08/2024,Valencia,Villarreal,1,1,D,2.84,3.45,2.49,2425
01/09/2024,Alaves,Las Palmas,2,0,H,1.96,3.35,4.25,2425
01/09/2024,Osasuna,Celta,3,2,H,2.46,3.31,2.99,2425
01/09/2024,Sevilla,Girona,0,2,A,2.37,3.73,2.82,2425
01/09/2024,Getafe,Sociedad,0,0,D,3.52,2.87,2.43,2425
01/09/2024,Real Madrid,Betis,2,0,H,1.29,5.91,10.17,2425
13/09/2024,Betis,Leganes,2,0,H,1.65,3.72,6.06,2425
14/09/2024,Mallorca,Villarreal,1,2,A,2.5,3.27,2.96,2425
14/09/2024,Espanol,Alaves,3,2,H,2.72,3.07,2.87,2425
14/09/2024,Sevilla,Getafe,1,0,H,2.24,3.09,3.66,2425
14/09/2024,Sociedad,Real Madrid,0,2,A,5.07,3.87,1.7,2425
15/09/2024,Celta,Valladolid,3,1,H,1.68,3.97,5.06,2425
15/09/2024,Girona,Barcelona,1,4,A,4.05,3.97,1.84,2425
15/09/2024,Las Palmas,Ath Bilbao,2,3,A,3.8,3.43,2.04,2425
15/09/2024,Ath Madrid,Valencia,3,0,H,1.35,4.98,9.83,2425
16/09/2024,Vallecano,Osasuna,3,1,H,2.1,3.17,3.95,2425
17/09/2024,Mallorca,Sociedad,1,0,H,2.88,2.81,2.93,2425
18/09/2024,Betis,Getafe,2,1,H,1.98,3.08,4.64,2425
19/09/2024,Leganes,Ath Bilbao,0,2,A,4.03,3.17,2.07,2425
20/09/2024,Alaves,Sevilla,2,1,H,2.18,3.26,3.63,2425
21/09/2024,Valladolid,Sociedad,0,0,D,3.79,3.07,2.19,2425
21/09/2024,Osasuna,Las Palmas,2,1,H,1.92,3.44,4.33,2425
21/09/2024,Valencia,Girona,2,0,H,2.89,3.35,2.51,2425
21/09/2024,Real Madrid,Espanol,4,1,H,1.16,8.07,16.79,2425
22/09/2024,Getafe,Leganes,1,1,D,2.05,2.88,4.77,2425
22/09/2024,Ath Bilbao,Celta,3,1,H,1.71,3.96,4.83,2425
22/09/2024,Villarreal,Barcelona,1,5,A,3.74,4.09,1.87,2425
22/09/2024,Vallecano,Ath Madrid,1,1,D,4.79,3.52,1.81,2425
23/09/2024,Betis,Mallorca,1,2,A,1.89,3.29,4.73,2425
24/09/2024,Sevilla,Valladolid,2,1,H,1.68,3.83,5.45,2425
24/09/2024,Valencia,Osasuna,0,0,D,2.08,3.16,4.08,2425
24/09/2024,Real Madrid,Alaves,3,2,H,1.19,7.37,16,2425
25/09/2024,Girona,Vallecano,0,0,D,1.76,3.81,4.66,2425
25/09/2024,Barcelona,Getafe,1,0,H,1.23,6.47,12.83,2425
26/09/2024,Espanol,Villarreal,1,2,A,3.38,3.46,2.18,2425
26/09/2024,Las Palmas,Betis,1,1,D,3.09,3.25,2.41,2425
26/09/2024,Celta,Ath Madrid,0,1,A,3.82,3.74,1.94,2425
27/09/2024,Valladolid,Mallorca,1,2,A,3.03,2.9,2.72,2425
28/09/2024,Getafe,Alaves,2,0,H,2.63,2.8,3.27,2425
28/09/2024,Vallecano,Leganes,1,1,D,1.94,3.14,4.79,2425
28/09/2024,Sociedad,Valencia,3,0,H,1.91,3.29,4.62,2425
28/09/2024,Osasuna,Barcelona,4,2,H,6.38,4.76,1.47,2425
29/09/2024,Celta,Girona,1,1,D,2.16,3.65,3.26,2425
29/09/2024,Ath Bilbao,Sevilla,1,1,D,1.72,3.83,4.9,2425
29/09/2024,Betis,Espanol,1,0,H,1.67,3.77,5.58,2425
29/09/2024,Ath Madrid,Real Madrid,1,1,D,2.79,3.44,2.52,2425
30/09/2024,Villarreal,Las Palmas,3,1,H,1.48,4.71,6.37,2425
04/10/2024,Leganes,Valencia,0,0,D,3,2.82,2.83,2425
05/10/2024,Espanol,Mallorca,2,1,H,3.2,2.92,2.58,2425
05/10/2024,Getafe,Osasuna,1,1,D,2.23,2.95,3.87,2425
05/10/2024,Las Palmas,Celta,0,1,A,3.12,3.58,2.26,2425
05/10/2024,Valladolid,Vallecano,1,2,A,3.13,3.01,2.56,2425
05/10/2024,Real Madrid,Villarreal,2,0,H,1.27,6.6,9.69,2425
06/10/2024,Girona,Ath Bilbao,2,1,H,2.42,3.27,3.1,2425
06/10/2024,Alaves,Barcelona,0,3,A,5.5,4.4,1.57,2425
06/10/2024,Sevilla,Betis,1,0,H,2.52,3.21,2.97,2425
06/10/2024,Sociedad,Ath Madrid,1,1,D,3.31,3.16,2.35,2425
18/10/2024,Alaves,Valladolid,2,3,A,1.65,3.82,5.82,2425
19/10/2024,Ath Bilbao,Espanol,4,1,H,1.46,4.32,7.98,2425
19/10/2024,Osasuna,Betis,1,2,A,2.58,3.3,2.83,2425
19/10/2024,Girona,Sociedad,0,1,A,2.51,3.29,2.93,2425
19/10/2024,Celta,Real Madrid,1,2,A,5.24,4.37,1.61,2425
20/10/2024,Mallorca,Vallecano,1,0,H,2.1,3.07,4.08,2425
20/10/2024,Ath Madrid,Leganes,3,1,H,1.33,4.96,10.5,2425
20/10/2024,Villarreal,Getafe,1,1,D,1.73,3.77,4.9,2425
20/10/2024,Barcelona,Sevilla,5,1,H,1.31,5.81,8.96,2425
21/10/2024,Valencia,Las Palmas,2,3,A,1.65,3.71,5.85,2425
25/10/2024,Espanol,Sevilla,0,2,A,3.17,3.21,2.42,2425
26/10/2024,Valladolid,Villarreal,1,2,A,3.61,3.68,2.02,2425
26/10/2024,Vallecano,Alaves,1,0,H,2.26,3.09,3.6,2425
26/10/2024,Las Palmas,Girona,1,0,H,2.87,3.42,2.49,2425
26/10/2024,Real Madrid,Barcelona,0,4,A,2.04,4.04,3.29,2425
27/10/2024,Leganes,Celta,3,0,H,3.28,3.18,2.36,2425
27/10/2024,Getafe,Valencia,1,1,D,2.19,2.93,4.02,2425
27/10/2024,Betis,Ath Madrid,1,0,H,3.19,3.22,2.37,2425
27/10/2024,Sociedad,Osasuna,0,2,A,1.79,3.63,4.69,2425
28/10/2024,Mallorca,Ath Bilbao,0,0,D,3,2.98,2.64,2425
01/11/2024,Alaves,Mallorca,1,0,H,2.38,2.97,3.5,2425
02/11/2024,Osasuna,Valladolid,1,0,H,1.63,3.79,6.02,2425
02/11/2024,Girona,Leganes,4,3,H,1.71,3.64,5.43,2425
03/11/2024,Ath Madrid,Las Palmas,2,0,H,1.27,5.92,11.1,2425
03/11/2024,Barcelona,Espanol,3,1,H,1.12,10.76,17.94,2425
03/11/2024,Sevilla,Sociedad,0,2,A,2.94,3.05,2.64,2425
03/11/2024,Ath Bilbao,Betis,1,1,D,1.93,3.5,4.09,2425
04/11/2024,Celta,Getafe,1,0,H,1.96,3.27,4.36,2425
08/11/2024,Vallecano,Las Palmas,1,3,A,1.88,3.43,4.56,2425
09/11/2024,Real Madrid,Osasuna,4,0,H,1.19,7.32,13.91,2425
09/11/2024,Villarreal,Alaves,3,0,H,1.63,4.14,5.27,2425
09/11/2024,Leganes,Sevilla,1,0,H,2.92,3.06,2.66,2425
10/11/2024,Betis,Celta,2,2,D,2,3.54,3.77,2425
10/11/2024,Mallorca,Ath Madrid,0,1,A,3.74,3.02,2.24,2425
10/11/2024,Getafe,Girona,0,1,A,2.46,3.1,3.15,2425
10/11/2024,Valladolid,Ath Bilbao,1,1,D,4.53,3.42,1.87,2425
10/11/2024,Sociedad,Barcelona,1,0,H,4.75,4.1,1.68,2425
22/11/2024,Getafe,Valladolid,2,0,H,1.67,3.44,6.48,2425
23/11/2024,Valencia,Betis,4,2,H,2.97,3.06,2.63,2425
23/11/2024,Ath Madrid,Alaves,2,1,H,1.36,4.86,9.9,2425
23/11/2024,Girona,Espanol,4,1,H,1.67,3.91,5.3,2425
23/11/2024,Las Palmas,Mallorca,2,3,A,2.96,2.94,2.72,2425
23/11/2024,Celta,Barcelona,2,2,D,4.58,4.44,1.67,2425
24/11/2024,Osasuna,Villarreal,2,2,D,2.59,3.45,2.7,2425
24/11/2024,Sevilla,Vallecano,1,0,H,2.32,3.23,3.28,2425
24/11/2024,Leganes,Real Madrid,0,3,A,8.26,4.66,1.4,2425
24/11/2024,Ath Bilbao,Sociedad,1,0,H,2.25,3.04,3.65,2425
29/11/2024,Mallorca,Valencia,2,1,H,2.04,2.94,4.67,2425
30/11/2024,Barcelona,Las Palmas,1,2,A,1.16,8.92,14.85,2425
30/11/2024,Alaves,Leganes,1,1,D,1.83,3.27,5.19,2425
30/11/2024,Espanol,Celta,3,1,H,3.31,3.33,2.26,2425
30/11/2024,Valladolid,Ath Madrid,0,5,A,6.33,4.07,1.56,2425
01/12/2024,Villarreal,Girona,2,2,D,1.86,3.84,4,2425
01/12/2024,Real Madrid,Getafe,2,0,H,1.36,4.75,9.5,2425
01/12/2024,Vallecano,Ath Bilbao,1,2,A,2.84,3.08,2.69,2425
01/12/2024,Sociedad,Betis,2,0,H,1.79,3.58,4.78,2425
02/12/2024,Sevilla,Osasuna,1,1,D,2.14,3.36,3.52,2425
03/12/2024,Mallorca,Barcelona,1,5,A,6.11,4.38,1.53,2425
04/12/2024,Ath Bilbao,Real Madrid,2,1,H,3.14,3.5,2.28,2425
06/12/2024,Celta,Mallorca,2,0,H,1.89,3.36,4.62,2425
07/12/2024,Las Palmas,Valladolid,2,1,H,1.8,3.65,4.64,2425
07/12/2024,Betis,Barcelona,2,2,D,5.11,4.5,1.6,2425
07/12/2024,Valencia,Vallecano,0,1,A,2.25,2.98,3.81,2425
07/12/2024,Girona,Real Madrid,0,3,A,4.56,4.01,1.73,2425
08/12/2024,Leganes,Sociedad,0,3,A,4.61,3.15,1.94,2425
08/12/2024,Ath Bilbao,Villarreal,2,0,H,1.96,3.7,3.72,2425
08/12/2024,Osasuna,Alaves,2,2,D,2.08,3.35,3.72,2425
08/12/2024,Ath Madrid,Sevilla,4,3,H,1.38,4.84,8.57,2425
09/12/2024,Getafe,Espanol,1,0,H,1.8,3.17,5.61,2425
13/12/2024,Valladolid,Valencia,1,0,H,3.23,3.05,2.44,2425
14/12/2024,Espanol,Osasuna,0,0,D,2.82,3.14,2.66,2425
14/12/2024,Mallorca,Girona,2,1,H,2.36,3.05,3.37,2425
14/12/2024,Sevilla,Celta,1,0,H,2.27,3.31,3.28,2425
14/12/2024,Vallecano,Real Madrid,3,3,D,5.79,4.01,1.6,2425
15/12/2024,Ath Madrid,Getafe,1,0,H,1.4,4.3,9.61,2425
15/12/2024,Alaves,Ath Bilbao,1,1,D,3.66,3.15,2.17,2425
15/12/2024,Sociedad,Las Palmas,0,0,D,1.42,4.31,8.55,2425
15/12/2024,Villarreal,Betis,1,2,A,1.79,3.89,4.3,2425
15/12/2024,Barcelona,Leganes,0,1,A,1.13,8.85,18.38,2425
18/12/2024,Espanol,Valencia,1,1,D,2.65,2.95,3.02,2425
18/12/2024,Villarreal,Vallecano,1,1,D,1.83,3.65,4.4,2425
20/12/2024,Girona,Valladolid,3,0,H,1.39,4.83,8.26,2425
21/12/2024,Getafe,Mallorca,0,1,A,2.31,2.76,3.93,2425
21/12/2024,Celta,Sociedad,2,0,H,2.92,3.11,2.6,2425
21/12/2024,Osasuna,Ath Bilbao,1,2,A,3.76,3.2,2.12,2425
21/12/2024,Barcelona,Ath Madrid,1,2,A,1.89,3.88,3.85,2425
22/12/2024,Valencia,Alaves,2,2,D,2.28,3.04,3.52,2425
22/12/2024,Real Madrid,Sevilla,4,2,H,1.34,5.53,8.21,2425
22/12/2024,Las Palmas,Espanol,1,0,H,1.84,3.54,4.45,2425
22/12/2024,Leganes,Villarreal,2,5,A,4.1,3.47,1.94,2425
22/12/2024,Betis,Vallecano,1,1,D,1.8,3.54,4.69,2425
03/01/2025,Valencia,Real Madrid,1,2,A,7.11,4.67,1.44,2425
10/01/2025,Vallecano,Celta,2,1,H,2.81,3.07,2.74,2425
11/01/2025,Alaves,Girona,0,1,A,2.77,3.13,2.7,2425
11/01/2025,Valladolid,Betis,1,0,H,4.48,3.47,1.85,2425
11/01/2025,Espanol,Leganes,1,1,D,2.09,3.03,4.07,2425
11/01/2025,Sevilla,Valencia,1,1,D,2,3.42,3.85,2425
12/01/2025,Las Palmas,Getafe,1,2,A,2.49,2.93,3.24,2425
12/01/2025,Ath Madrid,Osasuna,1,0,H,1.31,5.3,10.29,2425
13/01/2025,Sociedad,Villarreal,1,0,H,1.94,3.48,4,2425
17/01/2025,Espanol,Valladolid,2,1,H,1.81,3.36,5.12,2425
18/01/2025,Girona,Sevilla,1,2,A,1.94,3.55,3.96,2425
18/01/2025,Leganes,Ath Madrid,1,0,H,7.03,4.15,1.5,2425
18/01/2025,Betis,Alaves,1,3,A,1.75,3.68,4.81,2425
18/01/2025,Getafe,Barcelona,1,1,D,6.51,4.35,1.5,2425
19/01/2025,Celta,Ath Bilbao,1,2,A,2.83,3.14,2.64,2425
19/01/2025,Real Madrid,Las Palmas,4,1,H,1.15,8.44,16.41,2425
19/01/2025,Osasuna,Vallecano,1,1,D,2.18,3.11,3.68,2425
19/01/2025,Valencia,Sociedad,1,0,H,3.1,3.05,2.51,2425
20/01/2025,Villarreal,Mallorca,4,0,H,1.73,3.68,5.04,2425
24/01/2025,Las Palmas,Osasuna,1,1,D,2.52,3.13,3.04,2425
25/01/2025,Mallorca,Betis,0,1,A,2.3,3.05,3.48,2425
25/01/2025,Ath Madrid,Villarreal,1,1,D,1.7,4.09,4.61,2425
25/01/2025,Sevilla,Espanol,1,1,D,1.71,3.75,5.06,2425
25/01/2025,Valladolid,Real Madrid,0,3,A,10.64,6.31,1.25,2425
26/01/2025,Vallecano,Girona,2,1,H,2.72,3.06,2.82,2425
26/01/2025,Sociedad,Getafe,0,3,A,1.76,3.21,5.81,2425
26/01/2025,Ath Bilbao,Leganes,0,0,D,1.38,4.67,9.14,2425
26/01/2025,Barcelona,Valencia,7,1,H,1.2,7.06,12.73,2425
27/01/2025,Alaves,Celta,1,1,D,2.66,3.1,2.85,2425
31/01/2025,Leganes,Vallecano,0,1,A,3.23,2.99,2.48,2425
01/02/2025,Getafe,Sevilla,0,0,D,2.49,2.92,3.3,2425
01/02/2025,Villarreal,Valladolid,5,1,H,1.23,6.59,11.97,2425
01/02/2025,Ath Madrid,Mallorca,2,0,H,1.41,4.34,8.9,2425
01/02/2025,Espanol,Real Madrid,1,0,H,9.57,5.49,1.31,2425
02/02/2025,Barcelona,Alaves,1,0,H,1.19,7.52,13.89,2425
02/02/2025,Valencia,Celta,2,1,H,2.37,3.13,3.24,2425
02/02/2025,Osasuna,Sociedad,2,1,H,3.02,2.97,2.6,2425
02/02/2025,Betis,Ath Bilbao,2,2,D,2.98,3.26,2.46,2425
03/02/2025,Girona,Las Palmas,2,1,H,1.62,4.1,5.29,2425
07/02/2025,Vallecano,Valladolid,1,0,H,1.49,4.25,7.3,2425
08/02/2025,Celta,Betis,3,2,H,2.31,3.35,3.16,2425
08/02/2025,Ath Bilbao,Girona,3,0,H,1.67,3.84,5.29,2425
08/02/2025,Las Palmas,Villarreal,1,2,A,4.51,4.04,1.73,2425
08/02/2025,Real Madrid,Ath Madrid,1,1,D,1.88,3.68,4.13,2425
09/02/2025,Alaves,Getafe,0,1,A,2.32,2.9,3.63,2425
09/02/2025,Valencia,Leganes,2,0,H,1.74,3.43,5.39,2425
09/02/2025,Sociedad,Espanol,2,1,H,1.59,3.81,6.29,2425
09/02/2025,Sevilla,Barcelona,1,4,A,5.47,4.63,1.54,2425
10/02/2025,Mallorca,Osasuna,1,1,D,2.02,3.15,4.22,2425
14/02/2025,Girona,Getafe,1,2,A,1.98,3.22,4.44,2425
15/02/2025,Leganes,Alaves,3,3,D,3.19,2.92,2.57,2425
15/02/2025,Osasuna,Real Madrid,1,1,D,5.58,4.32,1.57,2425
15/02/2025,Ath Madrid,Celta,1,1,D,1.42,4.64,7.71,2425
15/02/2025,Villarreal,Valencia,1,1,D,1.53,4.43,5.96,2425
16/02/2025,Espanol,Ath Bilbao,1,1,D,5.22,3.52,1.75,2425
16/02/2025,Valladolid,Sevilla,0,4,A,4.01,3.38,1.99,2425
16/02/2025,Mallorca,Las Palmas,3,1,H,1.73,3.53,5.29,2425
16/02/2025,Betis,Sociedad,3,0,H,2.54,3.1,3,2425
17/02/2025,Barcelona,Vallecano,1,0,H,1.2,7.43,12.37,2425
21/02/2025,Celta,Osasuna,1,0,H,1.7,3.8,5.2,2425
22/02/2025,Alaves,Espanol,0,1,A,1.8,3.38,5.22,2425
22/02/2025,Vallecano,Villarreal,0,1,A,2.98,3.42,2.39,2425
22/02/2025,Valencia,Ath Madrid,0,3,A,4.35,3.42,1.91,2425
22/02/2025,Las Palmas,Barcelona,0,2,A,10.33,6.79,1.24,2425
23/02/2025,Ath Bilbao,Valladolid,7,1,H,1.16,7.34,18.55,2425
23/02/2025,Real Madrid,Girona,2,0,H,1.28,6.26,9.32,2425
23/02/2025,Getafe,Betis,1,2,A,2.61,3.06,2.95,2425
23/02/2025,Sociedad,Leganes,3,0,H,1.55,3.79,7.03,2425
24/02/2025,Sevilla,Mallorca,1,1,D,2.09,3.17,3.93,2425
28/02/2025,Valladolid,Las Palmas,1,1,D,3.14,3.21,2.43,2425
01/03/2025,Girona,Celta,2,2,D,2.17,3.51,3.31,2425
01/03/2025,Vallecano,Sevilla,1,1,D,2.3,3.23,3.31,2425
01/03/2025,Betis,Real Madrid,2,1,H,4.41,4.07,1.74,2425
01/03/2025,Ath Madrid,Ath Bilbao,1,0,H,2.04,3.44,3.78,2425
02/03/2025,Leganes,Getafe,1,0,H,3.21,2.74,2.67,2425
02/03/2025,Barcelona,Sociedad,4,0,H,1.26,5.97,11.44,2425
02/03/2025,Mallorca,Alaves,1,1,D,2.27,3.05,3.57,2425
02/03/2025,Osasuna,Valencia,3,3,D,2.31,3.16,3.32,2425
08/03/2025,Celta,Leganes,2,1,H,1.56,4.04,6.37,2425
08/03/2025,Alaves,Villarreal,1,0,H,3.07,3.32,2.4,2425
08/03/2025,Valencia,Valladolid,2,1,H,1.39,4.5,9.27,2425
09/03/2025,Getafe,Ath Madrid,2,1,H,4.48,3.1,1.98,2425
09/03/2025,Real Madrid,Vallecano,2,1,H,1.28,5.97,10.23,2425
09/03/2025,Ath Bilbao,Mallorca,1,1,D,1.63,3.73,6.01,2425
09/03/2025,Betis,Las Palmas,1,0,H,1.45,4.61,7.02,2425
09/03/2025,Sociedad,Sevilla,0,1,A,2.2,3.15,3.59,2425
10/03/2025,Espanol,Girona,1,1,D,3.13,3.22,2.39,2425
14/03/2025,Las Palmas,Alaves,2,2,D,2.91,3.02,2.7,2425
15/03/2025,Valladolid,Celta,0,1,A,5.07,3.88,1.69,2425
15/03/2025,Mallorca,Espanol,2,1,H,1.82,3.37,4.91,2425
15/03/2025,Villarreal,Real Madrid,1,2,A,3.05,3.9,2.16,2425
15/03/2025,Girona,Valencia,1,1,D,1.98,3.53,3.87,2425
16/03/2025,Leganes,Betis,2,3,A,3.77,3.33,2.06,2425
16/03/2025,Sevilla,Ath Bilbao,0,1,A,2.96,3.15,2.54,2425
16/03/2025,Osasuna,Getafe,1,2,A,2.32,2.94,3.6,2425
16/03/2025,Vallecano,Sociedad,2,2,D,2.49,3.08,3.12,2425
16/03/2025,Ath Madrid,Barcelona,2,4,A,3.03,3.64,2.25,2425
27/03/2025,Barcelona,Osasuna,3,0,H,1.28,6.34,8.82,2425
29/03/2025,Sociedad,Valladolid,2,1,H,1.34,4.81,10.49,2425
29/03/2025,Espanol,Ath Madrid,1,1,D,5.87,3.81,1.62,2425
29/03/2025,Alaves,Vallecano,0,2,A,2.19,2.99,3.89,2425
29/03/2025,Real Madrid,Leganes,3,2,H,1.15,8.37,17.3,2425
30/03/2025,Getafe,Villarreal,1,2,A,3.28,3.14,2.35,2425
30/03/2025,Barcelona,Girona,4,1,H,1.24,6.72,10.69,2425
30/03/2025,Ath Bilbao,Osasuna,0,0,D,1.46,4.33,7.33,2425
30/03/2025,Valencia,Mallorca,1,0,H,2.17,3.15,3.69,2425
30/03/2025,Betis,Sevilla,2,1,H,1.89,3.52,4.26,2425
31/03/2025,Celta,Las Palmas,1,1,D,1.57,4.17,5.64,2425
04/04/2025,Vallecano,Espanol,0,4,A,1.69,3.55,5.88,2425
05/04/2025,Girona,Alaves,0,1,A,2.08,3.36,3.69,2425
05/04/2025,Real Madrid,Valencia,1,2,A,1.3,5.68,9.44,2425
05/04/2025,Mallorca,Celta,1,2,A,2.68,3.09,2.85,2425
05/04/2025,Barcelona,Betis,1,1,D,1.37,5.5,7.35,2425
06/04/2025,Las Palmas,Sociedad,1,3,A,3.18,3.18,2.38,2425
06/04/2025,Sevilla,Ath Madrid,1,2,A,3.41,3.29,2.21,2425
06/04/2025,Valladolid,Getafe,0,4,A,4.62,3.18,1.93,2425
06/04/2025,Villarreal,Ath Bilbao,0,0,D,2.22,3.38,3.28,2425
07/04/2025,Leganes,Osasuna,1,1,D,2.71,3.1,2.79,2425
11/04/2025,Valencia,Sevilla,1,0,H,2.34,3.12,3.36,2425
12/04/2025,Sociedad,Mallorca,0,2,A,1.76,3.37,5.38,2425
12/04/2025,Getafe,Las Palmas,1,3,A,1.78,3.44,5.1,2425
12/04/2025,Celta,Espanol,0,2,A,1.64,3.81,5.69,2425
12/04/2025,Leganes,Barcelona,0,1,A,8.41,5.94,1.31,2425
13/04/2025,Osasuna,Girona,2,1,H,2.46,3.2,3.02,2425
13/04/2025,Alaves,Real Madrid,0,1,A,5.23,4.13,1.62,2425
13/04/2025,Betis,Villarreal,1,2,A,2.32,3.52,2.98,2425
13/04/2025,Ath Bilbao,Vallecano,3,1,H,1.76,3.44,5.16,2425
14/04/2025,Ath Madrid,Valladolid,4,2,H,1.13,8.56,19.92,2425
18/04/2025,Espanol,Getafe,1,0,H,2.8,2.74,3.05,2425
19/04/2025,Vallecano,Valencia,1,1,D,2.29,3.13,3.37,2425
19/04/2025,Barcelona,Celta,4,3,H,1.3,6.1,8.61,2425
19/04/2025,Mallorca,Leganes,0,0,D,1.88,3.15,4.93,2425
19/04/2025,Las Palmas,Ath Madrid,1,0,H,5.79,4.2,1.56,2425
20/04/2025,Valladolid,Osasuna,2,3,A,4.5,3.49,1.84,2425
20/04/2025,Villarreal,Sociedad,2,2,D,1.7,3.85,4.94,2425
20/04/2025,Sevilla,Alaves,1,1,D,2.07,3.07,4.14,2425
20/04/2025,Real Madrid,Ath Bilbao,1,0,H,1.67,3.94,5.04,2425
21/04/2025,Girona,Betis,1,3,A,2.83,3.39,2.49,2425
22/04/2025,Valencia,Espanol,1,1,D,1.98,3.34,4.13,2425
22/04/2025,Barcelona,Mallorca,1,0,H,1.23,6.61,12.07,2425
23/04/2025,Ath Bilbao,Las Palmas,1,0,H,1.36,5,8.48,2425
23/04/2025,Celta,Villarreal,3,0,H,2.52,3.41,2.77,2425
23/04/2025,Alaves,Sociedad,1,0,H,2.37,3.04,3.32,2425
23/04/2025,Getafe,Real Madrid,0,1,A,4.7,3.64,1.77,2425
24/04/2025,Leganes,Girona,1,1,D,2.76,3.05,2.77,2425
24/04/2025,Osasuna,Sevilla,1,0,H,2.49,3.03,3.15,2425
24/04/2025,Ath Madrid,Vallecano,3,0,H,1.55,4.03,6.28,2425
24/04/2025,Betis,Valladolid,5,1,H,1.19,7.04,14.88,2425
27/04/2025,Villarreal,Espanol,1,0,H,1.44,4.85,6.28,2425
02/05/2025,Vallecano,Getafe,1,0,H,2.42,2.98,3.38,2425
03/05/2025,Alaves,Ath Madrid,0,0,D,3.76,3.15,2.14,2425
03/05/2025,Villarreal,Osasuna,4,2,H,1.54,4.4,5.77,2425
03/05/2025,Las Palmas,Valencia,2,3,A,2.59,3.34,2.73,2425
03/05/2025,Valladolid,Barcelona,1,2,A,14.72,8.53,1.15,2425
04/05/2025,Real Madrid,Celta,3,2,H,1.36,5.64,7.26,2425
04/05/2025,Sevilla,Leganes,2,2,D,1.79,3.41,4.99,2425
04/05/2025,Espanol,Betis,1,2,A,3.37,2.98,2.39,2425
04/05/2025,Sociedad,Ath Bilbao,0,0,D,2.47,3.14,3.04,2425
05/05/2025,Girona,Mallorca,1,0,H,2.02,3.2,4.07,2425
09/05/2025,Las Palmas,Vallecano,0,1,A,2.47,3.29,2.98,2425
10/05/2025,Valencia,Getafe,3,0,H,2.05,3.12,4.13,2425
10/05/2025,Celta,Sevilla,3,2,H,1.83,3.66,4.34,2425
10/05/2025,Girona,Villarreal,0,1,A,3.12,3.72,2.16,2425
10/05/2025,Mallorca,Valladolid,2,1,H,1.34,5,9.97,2425
10/05/2025,Ath Madrid,Sociedad,4,0,H,1.68,3.83,5.18,2425
11/05/2025,Leganes,Espanol,3,2,H,2.41,3.07,3.22,2425
11/05/2025,Barcelona,Real Madrid,4,3,H,1.97,4.08,3.34,2425
11/05/2025,Ath Bilbao,Alaves,1,0,H,1.88,3.24,4.68,2425
11/05/2025,Betis,Osasuna,1,1,D,1.64,3.98,5.24,2425
13/05/2025,Valladolid,Girona,0,1,A,4.59,3.88,1.75,2425
13/05/2025,Sociedad,Celta,0,1,A,2.37,3.32,3.12,2425
13/05/2025,Sevilla,Las Palmas,1,0,H,1.69,3.73,5.37,2425
14/05/2025,Alaves,Valencia,1,0,H,2.16,3.17,3.69,2425
14/05/2025,Villarreal,Leganes,3,0,H,1.34,5.26,8.73,2425
14/05/2025,Real Madrid,Mallorca,2,1,H,1.38,5.06,7.87,2425
15/05/2025,Vallecano,Betis,2,2,D,3.05,3.13,2.48,2425
15/05/2025,Osasuna,Ath Madrid,2,0,H,3.74,3.3,2.08,2425
15/05/2025,Espanol,Barcelona,0,2,A,9.34,5.76,1.3,2425
15/05/2025,Getafe,Ath Bilbao,0,2,A,3.4,2.65,2.64,2425
18/05/2025,Ath Madrid,Betis,4,1,H,1.95,3.72,3.69,2425
18/05/2025,Barcelona,Villarreal,2,3,A,1.85,4.15,3.7,2425
18/05/2025,Celta,Vallecano,1,2,A,1.78,3.91,4.32,2425
18/05/2025,Las Palmas,Leganes,0,1,A,2.9,3.45,2.39,2425
18/05/2025,Mallorca,Getafe,1,2,A,2.01,3.2,4.16,2425
18/05/2025,Osasuna,Espanol,2,0,H,1.83,3.48,4.59,2425
18/05/2025,Sevilla,Real Madrid,0,2,A,4.13,3.99,1.78,2425
18/05/2025,Sociedad,Girona,3,2,H,2.13,3.08,3.88,2425
18/05/2025,Valencia,Ath Bilbao,0,1,A,2.24,2.99,3.73,2425
18/05/2025,Valladolid,Alaves,0,1,A,5.73,3.84,1.62,2425
23/05/2025,Betis,Valencia,1,1,D,1.96,3.78,3.66,2425
24/05/2025,Real Madrid,Sociedad,2,0,H,1.42,5.04,6.72,2425
24/05/2025,Espanol,Las Palmas,2,0,H,1.38,4.88,8.3,2425
24/05/2025,Leganes,Valladolid,3,0,H,1.32,5.42,9.4,2425
24/05/2025,Alaves,Osasuna,1,1,D,3.2,3.2,2.36,2425
24/05/2025,Getafe,Celta,1,2,A,4.22,3.65,1.86,2425
24/05/2025,Vallecano,Mallorca,0,0,D,1.53,4.1,6.46,2425
25/05/2025,Girona,Ath Madrid,0,4,A,3.71,3.75,1.95,2425
25/05/2025,Villarreal,Sevilla,4,2,H,1.46,4.89,6.15,2425
25/05/2025,Ath Bilbao,Barcelona,0,3,A,3.22,3.75,2.11,2425
11/08/2023,Almeria,Vallecano,0,2,A,2.54,3.26,2.92,2324
11/08/2023,Sevilla,Valencia,1,2,A,1.93,3.4,4.33,2324
12/08/2023,Sociedad,Girona,1,1,D,1.63,3.97,5.58,2324
12/08/2023,Las Palmas,Mallorca,1,1,D,2.44,3,3.31,2324
12/08/2023,Ath Bilbao,Real Madrid,0,2,A,3.4,3.52,2.15,2324
13/08/2023,Celta,Osasuna,0,2,A,2.12,3.23,3.8,2324
13/08/2023,Villarreal,Betis,1,2,A,1.77,3.93,4.4,2324
13/08/2023,Getafe,Barcelona,0,0,D,6.35,3.99,1.57,2324
14/08/2023,Cadiz,Alaves,1,0,H,2.19,3.06,3.79,2324
14/08/2023,Ath Madrid,Granada,3,1,H,1.3,5.49,10.27,2324
18/08/2023,Mallorca,Villarreal,0,1,A,2.95,3.11,2.63,2324
18/08/2023,Valencia,Las Palmas,1,0,H,1.59,3.94,6.28,2324
19/08/2023,Sociedad,Celta,1,1,D,1.76,3.5,5.24,2324
19/08/2023,Almeria,Real Madrid,1,3,A,8,5.01,1.39,2324
19/08/2023,Osasuna,Ath Bilbao,0,2,A,2.83,3.11,2.71,2324
20/08/2023,Girona,Getafe,3,0,H,2.05,3.18,4.15,2324
20/08/2023,Barcelona,Cadiz,2,0,H,1.21,6.7,14.64,2324
20/08/2023,Betis,Ath Madrid,0,0,D,3.86,3.45,2.03,2324
21/08/2023,Alaves,Sevilla,4,3,H,3.32,3.06,2.4,2324
21/08/2023,Granada,Vallecano,0,2,A,2.65,3.08,2.92,2324
25/08/2023,Las Palmas,Sociedad,0,0,D,4.1,3.28,2.04,2324
25/08/2023,Celta,Real Madrid,0,1,A,4.74,3.94,1.74,2324
26/08/2023,Cadiz,Almeria,1,1,D,2.25,3.36,3.34,2324
26/08/2023,Granada,Mallorca,3,2,H,2.65,3,3.01,2324
26/08/2023,Sevilla,Girona,1,2,A,2.08,3.48,3.65,2324
27/08/2023,Villarreal,Barcelona,3,4,A,3.54,3.7,2.05,2324
27/08/2023,Valencia,Osasuna,1,2,A,1.9,3.49,4.33,2324
27/08/2023,Ath Bilbao,Betis,4,2,H,1.92,3.66,4.03,2324
28/08/2023,Getafe,Alaves,1,0,H,2.28,2.93,3.8,2324
28/08/2023,Vallecano,Ath Madrid,0,7,A,4.04,3.47,1.97,2324
01/09/2023,Cadiz,Villarreal,3,1,H,3.36,3.53,2.18,2324
01/09/2023,Almeria,Celta,2,3,A,2.97,3.31,2.5,2324
02/09/2023,Sociedad,Granada,5,3,H,1.45,4.59,7.29,2324
02/09/2023,Real Madrid,Getafe,2,1,H,1.33,5.14,10.55,2324
02/09/2023,Alaves,Valencia,1,0,H,2.93,2.94,2.77,2324
02/09/2023,Betis,Vallecano,1,0,H,1.98,3.5,3.99,2324
03/09/2023,Girona,Las Palmas,1,0,H,1.68,3.79,5.46,2324
03/09/2023,Mallorca,Ath Bilbao,0,0,D,3.26,3.09,2.42,2324
03/09/2023,Osasuna,Barcelona,1,2,A,5.12,4.1,1.66,2324
15/09/2023,Vallecano,Alaves,2,0,H,2.01,3.2,4.36,2324
16/09/2023,Ath Bilbao,Cadiz,3,0,H,1.55,4.08,6.56,2324
16/09/2023,Valencia,Ath Madrid,3,0,H,3.82,3.38,2.06,2324
16/09/2023,Celta,Mallorca,0,1,A,2.05,3.13,4.25,2324
16/09/2023,Barcelona,Betis,5,0,H,1.37,5.23,7.99,2324
17/09/2023,Getafe,Osasuna,3,2,H,2.6,2.93,3.16,2324
17/09/2023,Villarreal,Almeria,2,1,H,1.48,4.77,6.36,2324
17/09/2023,Sevilla,Las Palmas,1,0,H,1.64,3.92,5.68,2324
17/09/2023,Real Madrid,Sociedad,2,1,H,1.67,3.97,5.2,2324
18/09/2023,Granada,Girona,2,4,A,2.71,3.37,2.64,2324
22/09/2023,Alaves,Ath Bilbao,0,2,A,4.07,3.14,2.09,2324
23/09/2023,Girona,Mallorca,5,3,H,1.92,3.38,4.42,2324
23/09/2023,Osasuna,Sevilla,0,0,D,2.55,3.21,2.94,2324
23/09/2023,Barcelona,Celta,3,2,H,1.29,5.95,10.23,2324
23/09/2023,Almeria,Valencia,2,2,D,3.04,3.48,2.34,2324
24/09/2023,Sociedad,Getafe,4,3,H,1.55,3.77,7.37,2324
24/09/2023,Vallecano,Villarreal,1,1,D,2.52,3.54,2.74,2324
24/09/2023,Betis,Cadiz,1,1,D,1.85,3.56,4.49,2324
24/09/2023,Las Palmas,Granada,1,0,H,2.03,3.49,3.77,2324
24/09/2023,Ath Madrid,Real Madrid,3,1,H,2.83,3.36,2.56,2324
26/09/2023,Sevilla,Almeria,5,1,H,1.67,4.04,5.08,2324
26/09/2023,Mallorca,Barcelona,2,2,D,6.89,4.38,1.5,2324
27/09/2023,Ath Bilbao,Getafe,2,2,D,1.64,3.7,6.21,2324
27/09/2023,Real Madrid,Las Palmas,2,0,H,1.22,6.92,13.1,2324
27/09/2023,Villarreal,Girona,1,2,A,2.23,3.66,3.12,2324
27/09/2023,Cadiz,Vallecano,0,0,D,2.58,3.17,2.95,2324
27/09/2023,Valencia,Sociedad,0,1,A,2.65,3.14,2.89,2324
28/09/2023,Celta,Alaves,1,1,D,1.71,3.57,5.6,2324
28/09/2023,Granada,Betis,1,1,D,3.04,3.45,2.36,2324
28/09/2023,Osasuna,Ath Madrid,0,2,A,3.53,3.43,2.14,2324
29/09/2023,Barcelona,Sevilla,1,0,H,1.38,5.35,7.92,2324
30/09/2023,Getafe,Villarreal,0,0,D,2.93,3.25,2.56,2324
30/09/2023,Vallecano,Mallorca,2,2,D,2.18,3.15,3.79,2324
30/09/2023,Girona,Real Madrid,0,3,A,3.57,3.92,1.98,2324
30/09/2023,Sociedad,Ath Bilbao,3,0,H,2.24,3.25,3.49,2324
01/10/2023,Almeria,Granada,3,3,D,1.96,3.7,3.79,2324
01/10/2023,Alaves,Osasuna,0,2,A,2.71,3.06,2.87,2324
01/10/2023,Ath Madrid,Cadiz,3,2,H,1.36,5.08,9.18,2324
01/10/2023,Betis,Valencia,3,0,H,2.31,3.32,3.23,2324
02/10/2023,Las Palmas,Celta,2,1,H,2.48,3.21,3.03,2324
06/10/2023,Ath Bilbao,Almeria,3,0,H,1.38,5.24,8.16,2324
07/10/2023,Cadiz,Girona,0,1,A,3.25,3.41,2.28,2324
07/10/2023,Real Madrid,Osasuna,4,0,H,1.31,5.7,9.96,2324
07/10/2023,Mallorca,Valencia,1,1,D,2.51,3.08,3.16,2324
07/10/2023,Sevilla,Vallecano,2,2,D,1.89,3.58,4.27,2324
08/10/2023,Villarreal,Las Palmas,1,2,A,1.62,4.17,5.48,2324
08/10/2023,Ath Madrid,Sociedad,2,1,H,1.91,3.45,4.42,2324
08/10/2023,Alaves,Betis,1,1,D,2.86,3.18,2.65,2324
08/10/2023,Celta,Getafe,2,2,D,2.06,3.2,4.11,2324
08/10/2023,Granada,Barcelona,2,2,D,6.92,5.18,1.42,2324
20/10/2023,Osasuna,Granada,2,0,H,1.73,3.87,4.89,2324
21/10/2023,Sociedad,Mallorca,1,0,H,1.57,3.84,7.03,2324
21/10/2023,Getafe,Betis,1,1,D,2.49,3.11,3.15,2324
21/10/2023,Sevilla,Real Madrid,1,1,D,4.08,3.87,1.86,2324
21/10/2023,Celta,Ath Madrid,0,3,A,3.58,3.49,2.11,2324
22/10/2023,Las Palmas,Vallecano,0,1,A,2.66,3.14,2.87,2324
22/10/2023,Girona,Almeria,5,2,H,1.47,4.81,6.6,2324
22/10/2023,Villarreal,Alaves,1,1,D,1.73,3.85,4.96,2324
22/10/2023,Barcelona,Ath Bilbao,1,0,H,1.67,4.09,5.13,2324
23/10/2023,Valencia,Cadiz,2,0,H,1.77,3.57,5.03,2324
27/10/2023,Girona,Celta,1,0,H,1.69,4.2,4.74,2324
28/10/2023,Almeria,Las Palmas,1,2,A,2.33,3.46,3.1,2324
28/10/2023,Barcelona,Real Madrid,1,2,A,2.55,3.66,2.68,2324
28/10/2023,Mallorca,Getafe,0,0,D,2.31,3.03,3.61,2324
28/10/2023,Cadiz,Sevilla,2,2,D,3.29,3.34,2.29,2324
29/10/2023,Betis,Osasuna,2,1,H,2.08,3.41,3.74,2324
29/10/2023,Vallecano,Sociedad,2,2,D,3.21,3.14,2.43,2324
29/10/2023,Ath Bilbao,Valencia,2,2,D,1.65,3.87,5.72,2324
29/10/2023,Ath Madrid,Alaves,2,1,H,1.39,4.89,8.71,2324
30/10/2023,Granada,Villarreal,2,3,A,3.02,3.6,2.31,2324
03/11/2023,Las Palmas,Ath Madrid,2,1,H,5.7,3.79,1.66,2324
04/11/2023,Osasuna,Girona,2,4,A,2.88,3.45,2.47,2324
04/11/2023,Betis,Mallorca,2,0,H,1.92,3.4,4.42,2324
04/11/2023,Celta,Sevilla,1,1,D,2.57,3.43,2.77,2324
04/11/2023,Sociedad,Barcelona,0,1,A,3.26,3.5,2.23,2324
05/11/2023,Alaves,Almeria,1,0,H,1.79,3.76,4.63,2324
05/11/2023,Valencia,Granada,1,0,H,1.65,4.07,5.23,2324
05/11/2023,Villarreal,Ath Bilbao,2,3,A,2.98,3.58,2.36,2324
05/11/2023,Real Madrid,Vallecano,0,0,D,1.28,6.08,10.82,2324
06/11/2023,Getafe,Cadiz,1,0,H,1.93,3.21,4.67,2324
10/11/2023,Ath Bilbao,Celta,4,3,H,1.68,4.05,5.07,2324
11/11/2023,Vallecano,Girona,1,2,A,2.88,3.51,2.45,2324
11/11/2023,Almeria,Sociedad,1,3,A,4.71,3.95,1.73,2324
11/11/2023,Granada,Getafe,1,1,D,2.55,3.18,2.98,2324
11/11/2023,Osasuna,Las Palmas,1,1,D,1.99,3.32,4.21,2324
11/11/2023,Real Madrid,Valencia,5,1,H,1.33,5.48,9.41,2324
12/11/2023,Barcelona,Alaves,2,1,H,1.25,6.32,11.97,2324
12/11/2023,Sevilla,Betis,1,1,D,2.13,3.53,3.47,2324
12/11/2023,Ath Madrid,Villarreal,3,1,H,1.37,5.33,7.92,2324
24/11/2023,Alaves,Granada,3,1,H,1.74,3.74,5.05,2324
25/11/2023,Vallecano,Barcelona,1,1,D,5.13,4.13,1.65,2324
25/11/2023,Valencia,Celta,0,0,D,2.18,3.39,3.47,2324
25/11/2023,Getafe,Almeria,2,1,H,1.68,3.82,5.41,2324
25/11/2023,Ath Madrid,Mallorca,1,0,H,1.38,4.83,9.17,2324
26/11/2023,Villarreal,Osasuna,3,1,H,2.17,3.52,3.38,2324
26/11/2023,Sociedad,Sevilla,2,1,H,1.76,3.71,4.89,2324
26/11/2023,Cadiz,Real Madrid,0,3,A,6.48,4.54,1.5,2324
26/11/2023,Betis,Las Palmas,1,0,H,1.68,3.8,5.52,2324
27/11/2023,Girona,Ath Bilbao,1,1,D,2.28,3.66,3.01,2324
29/11/2023,Mallorca,Cadiz,1,1,D,1.98,3.24,4.38,2324
01/12/2023,Las Palmas,Getafe,2,0,H,2.45,2.95,3.41,2324
02/12/2023,Girona,Valencia,2,1,H,1.7,3.99,4.99,2324
02/12/2023,Ath Bilbao,Vallecano,4,0,H,1.59,4.22,5.72,2324
02/12/2023,Real Madrid,Granada,2,0,H,1.16,8.44,15.7,2324
02/12/2023,Osasuna,Sociedad,1,1,D,3.57,3.23,2.23,2324
03/12/2023,Mallorca,Alaves,0,0,D,2.46,3.01,3.32,2324
03/12/2023,Almeria,Betis,0,0,D,3.28,3.63,2.18,2324
03/12/2023,Sevilla,Villarreal,1,1,D,2.11,3.69,3.41,2324
03/12/2023,Barcelona,Ath Madrid,1,0,H,2.03,3.7,3.6,2324
04/12/2023,Celta,Cadiz,1,1,D,1.6,4.02,5.85,2324
08/12/2023,Getafe,Valencia,1,0,H,2.69,2.88,3.09,2324
09/12/2023,Alaves,Las Palmas,0,1,A,2.06,3.17,4.1,2324
09/12/2023,Betis,Real Madrid,1,1,D,4.26,3.85,1.82,2324
09/12/2023,Villarreal,Sociedad,0,3,A,3.42,3.52,2.14,2324
09/12/2023,Mallorca,Sevilla,1,0,H,2.68,3.16,2.83,2324
10/12/2023,Ath Madrid,Almeria,2,1,H,1.22,7.07,12.5,2324
10/12/2023,Cadiz,Osasuna,1,1,D,2.95,3.14,2.58,2324
10/12/2023,Barcelona,Girona,2,4,A,1.53,4.79,5.6,2324
11/12/2023,Granada,Ath Bilbao,1,1,D,4.8,4.12,1.69,2324
11/12/2023,Vallecano,Celta,0,0,D,2.44,3.32,3,2324
15/12/2023,Osasuna,Vallecano,1,0,H,2.25,3.19,3.55,2324
16/12/2023,Celta,Granada,1,0,H,1.67,4.09,5.06,2324
16/12/2023,Ath Bilbao,Ath Madrid,2,0,H,2.44,3.47,2.92,2324
16/12/2023,Sevilla,Getafe,0,3,A,1.95,3.42,4.25,2324
16/12/2023,Valencia,Barcelona,1,1,D,5.12,4.01,1.67,2324
17/12/2023,Almeria,Mallorca,0,0,D,2.65,3.3,2.78,2324
17/12/2023,Sociedad,Betis,0,0,D,1.71,3.87,5.08,2324
17/12/2023,Las Palmas,Cadiz,1,1,D,1.95,3.35,4.35,2324
17/12/2023,Real Madrid,Villarreal,4,1,H,1.29,6.29,9.4,2324
18/12/2023,Girona,Alaves,3,0,H,1.55,4.3,5.95,2324
19/12/2023,Vallecano,Valencia,0,1,A,2.22,3.2,3.58,2324
19/12/2023,Ath Madrid,Getafe,3,3,D,1.46,4.45,7.72,2324
19/12/2023,Granada,Sevilla,0,3,A,2.88,3.32,2.54,2324
20/12/2023,Barcelona,Almeria,3,2,H,1.14,9.55,16.82,2324
20/12/2023,Ath Bilbao,Las Palmas,1,0,H,1.39,4.88,8.3,2324
20/12/2023,Villarreal,Celta,3,2,H,2.41,3.53,2.9,2324
21/12/2023,Betis,Girona,1,1,D,2.8,3.61,2.43,2324
21/12/2023,Cadiz,Sociedad,0,0,D,4.61,3.46,1.85,2324
21/12/2023,Alaves,Real Madrid,0,1,A,5.78,4.27,1.57,2324
21/12/2023,Mallorca,Osasuna,3,2,H,2.37,3,3.45,2324
23/12/2023,Ath Madrid,Sevilla,1,0,H,1.53,4.46,6.04,2324
02/01/2024,Getafe,Vallecano,0,2,A,2.42,3,3.39,2324
02/01/2024,Sociedad,Alaves,1,1,D,1.59,3.84,6.63,2324
02/01/2024,Valencia,Villarreal,3,1,H,2.05,3.5,3.72,2324
03/01/2024,Granada,Cadiz,2,0,H,2.26,3.19,3.49,2324
03/01/2024,Celta,Betis,2,1,H,2.43,3.37,2.98,2324
03/01/2024,Real Madrid,Mallorca,1,0,H,1.24,6.4,12.86,2324
03/01/2024,Girona,Ath Madrid,4,3,H,2.57,3.61,2.66,2324
04/01/2024,Osasuna,Almeria,1,0,H,1.71,3.92,4.89,2324
04/01/2024,Sevilla,Ath Bilbao,0,2,A,3.08,3.33,2.39,2324
04/01/2024,Las Palmas,Barcelona,1,2,A,5.68,4.33,1.57,2324
12/01/2024,Sevilla,Alaves,2,3,A,1.94,3.35,4.42,2324
13/01/2024,Las Palmas,Villarreal,3,0,H,2.52,3.36,2.87,2324
13/01/2024,Mallorca,Celta,1,1,D,2.57,3.02,3.1,2324
13/01/2024,Ath Bilbao,Sociedad,2,1,H,2.04,3.42,3.88,2324
13/01/2024,Betis,Granada,1,0,H,1.63,4.1,5.45,2324
14/01/2024,Almeria,Girona,0,0,D,4.61,4.32,1.68,2324
14/01/2024,Cadiz,Valencia,1,4,A,2.93,3.02,2.7,2324
19/01/2024,Alaves,Cadiz,1,0,H,1.73,3.45,5.83,2324
20/01/2024,Vallecano,Las Palmas,0,2,A,1.92,3.43,4.37,2324
20/01/2024,Villarreal,Mallorca,1,1,D,2.09,3.48,3.59,2324
20/01/2024,Valencia,Ath Bilbao,1,0,H,3.38,3.39,2.21,2324
20/01/2024,Celta,Sociedad,0,1,A,3.23,3.07,2.46,2324
21/01/2024,Osasuna,Getafe,3,2,H,2.18,3.09,3.81,2324
21/01/2024,Real Madrid,Almeria,3,2,H,1.15,9.07,16.19,2324
21/01/2024,Betis,Barcelona,2,4,A,4.24,3.92,1.81,2324
21/01/2024,Girona,Sevilla,5,1,H,1.73,4,4.6,2324
22/01/2024,Granada,Ath Madrid,0,1,A,4.79,3.97,1.71,2324
26/01/2024,Almeria,Alaves,0,3,A,2.61,3.23,2.86,2324
27/01/2024,Sociedad,Vallecano,0,0,D,1.67,3.72,5.69,2324
27/01/2024,Las Palmas,Real Madrid,1,2,A,6.81,4.71,1.46,2324
27/01/2024,Barcelona,Villarreal,3,5,A,1.34,5.91,7.85,2324
27/01/2024,Mallorca,Betis,0,1,A,2.4,3.14,3.25,2324
28/01/2024,Celta,Girona,0,1,A,2.77,3.52,2.49,2324
28/01/2024,Cadiz,Ath Bilbao,0,0,D,5.14,3.62,1.74,2324
28/01/2024,Sevilla,Osasuna,1,1,D,2.06,3.36,3.79,2324
28/01/2024,Ath Madrid,Valencia,2,0,H,1.5,4.42,6.51,2324
29/01/2024,Getafe,Granada,2,0,H,1.82,3.49,4.73,2324
31/01/2024,Barcelona,Osasuna,1,0,H,1.32,5.57,9.5,2324
31/01/2024,Ath Madrid,Vallecano,2,1,H,1.5,4.47,6.58,2324
01/02/2024,Getafe,Real Madrid,0,2,A,6.23,4.19,1.55,2324
02/02/2024,Ath Bilbao,Mallorca,4,0,H,1.55,3.96,6.95,2324
03/02/2024,Valencia,Almeria,2,1,H,1.67,3.93,5.26,2324
03/02/2024,Granada,Las Palmas,1,1,D,2.3,3.25,3.32,2324
03/02/2024,Alaves,Barcelona,1,3,A,4.18,3.71,1.87,2324
03/02/2024,Girona,Sociedad,0,0,D,2.15,3.46,3.48,2324
04/02/2024,Villarreal,Cadiz,0,0,D,1.65,4.04,5.23,2324
04/02/2024,Osasuna,Celta,0,3,A,2.35,3.17,3.31,2324
04/02/2024,Betis,Getafe,1,1,D,1.91,3.43,4.39,2324
04/02/2024,Real Madrid,Ath Madrid,1,1,D,1.76,4.04,4.39,2324
05/02/2024,Vallecano,Sevilla,1,2,A,2.19,3.34,3.45,2324
09/02/2024,Cadiz,Betis,0,2,A,3.03,2.99,2.65,2324
10/02/2024,Alaves,Villarreal,1,1,D,2.21,3.41,3.35,2324
10/02/2024,Sociedad,Osasuna,0,1,A,1.87,3.23,5.01,2324
10/02/2024,Real Madrid,Girona,4,0,H,1.45,5.04,6.42,2324
10/02/2024,Las Palmas,Valencia,2,0,H,2.72,2.99,2.93,2324
11/02/2024,Getafe,Celta,3,2,H,2.24,3.14,3.59,2324
11/02/2024,Mallorca,Vallecano,2,1,H,2.38,2.98,3.46,2324
11/02/2024,Sevilla,Ath Madrid,1,0,H,3.5,3.55,2.09,2324
11/02/2024,Barcelona,Granada,3,3,D,1.21,7.23,12.32,2324
12/02/2024,Almeria,Ath Bilbao,0,0,D,4.65,3.92,1.73,2324
16/02/2024,Villarreal,Getafe,1,1,D,2,3.56,3.81,2324
17/02/2024,Ath Madrid,Las Palmas,5,0,H,1.47,4.59,7.09,2324
17/02/2024,Osasuna,Cadiz,2,0,H,1.79,3.41,5.27,2324
17/02/2024,Celta,Barcelona,1,2,A,3.96,3.85,1.88,2324
17/02/2024,Valencia,Sevilla,0,0,D,2.26,3.31,3.34,2324
18/02/2024,Vallecano,Real Madrid,1,1,D,5.49,4.07,1.63,2324
18/02/2024,Granada,Almeria,1,1,D,2.14,3.51,3.41,2324
18/02/2024,Mallorca,Sociedad,1,2,A,3.34,2.83,2.55,2324
18/02/2024,Betis,Alaves,0,0,D,2.1,3.34,3.7,2324
19/02/2024,Ath Bilbao,Girona,3,2,H,1.98,3.72,3.68,2324
23/02/2024,Sociedad,Villarreal,1,3,A,1.73,3.78,5.06,2324
24/02/2024,Barcelona,Getafe,4,0,H,1.42,4.97,7.2,2324
24/02/2024,Alaves,Mallorca,1,1,D,1.94,3.11,4.8,2324
24/02/2024,Almeria,Ath Madrid,2,2,D,4.54,3.95,1.75,2324
25/02/2024,Cadiz,Celta,2,2,D,3.08,3.03,2.57,2324
25/02/2024,Betis,Ath Bilbao,3,1,H,3.5,3.26,2.21,2324
25/02/2024,Las Palmas,Osasuna,1,1,D,2.41,3.03,3.33,2324
25/02/2024,Real Madrid,Sevilla,1,0,H,1.3,5.85,9.43,2324
26/02/2024,Girona,Vallecano,3,0,H,1.66,4.11,4.96,2324
01/03/2024,Celta,Almeria,1,0,H,1.86,3.68,4.3,2324
02/03/2024,Sevilla,Sociedad,3,2,H,2.6,3.02,3.05,2324
02/03/2024,Vallecano,Cadiz,1,1,D,1.83,3.34,5.09,2324
02/03/2024,Getafe,Las Palmas,3,3,D,2.05,3.18,4.15,2324
02/03/2024,Valencia,Real Madrid,2,2,D,5.32,3.91,1.67,2324
03/03/2024,Villarreal,Granada,5,1,H,1.65,4.21,4.99,2324
03/03/2024,Ath Madrid,Betis,2,1,H,1.56,4.34,5.73,2324
03/03/2024,Mallorca,Girona,1,0,H,3.23,3.3,2.3,2324
03/03/2024,Ath Bilbao,Barcelona,0,0,D,2.86,3.54,2.42,2324
04/03/2024,Osasuna,Alaves,1,0,H,2.39,3.08,3.27,2324
08/03/2024,Barcelona,Mallorca,1,0,H,1.46,4.58,7.23,2324
09/03/2024,Valencia,Getafe,1,0,H,2,3.18,4.38,2324
09/03/2024,Cadiz,Ath Madrid,2,0,H,4.93,3.71,1.75,2324
09/03/2024,Granada,Sociedad,2,3,A,4.43,3.44,1.89,2324
09/03/2024,Girona,Osasuna,2,0,H,1.62,4.2,5.41,2324
10/03/2024,Alaves,Vallecano,1,0,H,2.17,3.15,3.77,2324
10/03/2024,Las Palmas,Ath Bilbao,0,2,A,3.97,3.37,2.01,2324
10/03/2024,Real Madrid,Celta,4,0,H,1.3,5.94,9.62,2324
10/03/2024,Betis,Villarreal,2,3,A,2.08,3.62,3.48,2324
11/03/2024,Almeria,Sevilla,2,2,D,3.06,3.34,2.38,2324
15/03/2024,Sociedad,Cadiz,2,0,H,1.48,4.03,8.4,2324
16/03/2024,Mallorca,Granada,1,0,H,1.84,3.4,4.85,2324
16/03/2024,Osasuna,Real Madrid,2,4,A,5.97,4.25,1.56,2324
16/03/2024,Getafe,Girona,1,0,H,3.13,3.49,2.29,2324
16/03/2024,Ath Bilbao,Alaves,2,0,H,1.55,3.97,6.69,2324
17/03/2024,Sevilla,Celta,1,2,A,2.01,3.42,3.92,2324
17/03/2024,Las Palmas,Almeria,0,1,A,1.91,3.59,4.1,2324
17/03/2024,Villarreal,Valencia,1,0,H,2.1,3.46,3.56,2324
17/03/2024,Vallecano,Betis,2,0,H,2.49,3.23,2.98,2324
17/03/2024,Ath Madrid,Barcelona,0,3,A,2.39,3.63,2.84,2324
29/03/2024,Cadiz,Granada,1,0,H,2.02,3.34,4.1,2324
30/03/2024,Getafe,Sevilla,0,1,A,2.53,3.15,3.02,2324
30/03/2024,Almeria,Osasuna,0,3,A,2.62,3.25,2.83,2324
30/03/2024,Valencia,Mallorca,0,0,D,2.1,2.96,4.35,2324
30/03/2024,Barcelona,Las Palmas,1,0,H,1.27,6.34,10.15,2324
31/03/2024,Celta,Vallecano,0,0,D,1.96,3.39,4.16,2324
31/03/2024,Girona,Betis,3,2,H,1.78,3.96,4.37,2324
31/03/2024,Alaves,Sociedad,0,1,A,3.41,2.96,2.42,2324
31/03/2024,Real Madrid,Ath Bilbao,2,0,H,1.55,4.29,5.87,2324
01/04/2024,Villarreal,Ath Madrid,1,2,A,3,3.71,2.27,2324
04/04/2024,Granada,Valencia,0,1,A,3.32,3.19,2.3,2324
12/04/2024,Betis,Celta,2,1,H,2.06,3.47,3.71,2324
13/04/2024,Ath Madrid,Girona,3,1,H,1.97,3.78,3.67,2324
13/04/2024,Vallecano,Getafe,0,0,D,2.23,3.05,3.73,2324
13/04/2024,Mallorca,Real Madrid,0,1,A,4.92,3.66,1.77,2324
13/04/2024,Cadiz,Barcelona,0,1,A,4.33,3.57,1.88,2324
14/04/2024,Las Palmas,Sevilla,0,2,A,2.74,3.18,2.75,2324
14/04/2024,Granada,Alaves,2,0,H,3.1,3.1,2.51,2324
14/04/2024,Ath Bilbao,Villarreal,1,1,D,1.77,3.97,4.4,2324
14/04/2024,Sociedad,Almeria,2,2,D,1.33,5.2,9.97,2324
15/04/2024,Osasuna,Valencia,0,1,A,2.22,3.1,3.65,2324
19/04/2024,Ath Bilbao,Granada,1,1,D,1.28,5.86,11.69,2324
20/04/2024,Celta,Las Palmas,4,1,H,1.76,3.71,4.9,2324
20/04/2024,Vallecano,Osasuna,2,1,H,2.22,3.13,3.63,2324
20/04/2024,Valencia,Betis,1,2,A,2.21,3.28,3.51,2324
20/04/2024,Girona,Cadiz,4,1,H,1.42,4.81,7.59,2324
21/04/2024,Getafe,Sociedad,1,1,D,3.8,3.1,2.18,2324
21/04/2024,Almeria,Villarreal,1,2,A,3.4,3.75,2.06,2324
21/04/2024,Alaves,Ath Madrid,2,0,H,4.08,3.43,1.97,2324
21/04/2024,Real Madrid,Barcelona,3,2,H,1.87,3.96,3.89,2324
22/04/2024,Sevilla,Mallorca,2,1,H,1.98,3.14,4.52,2324
26/04/2024,Sociedad,Real Madrid,0,1,A,2.5,3.2,3.03,2324
27/04/2024,Las Palmas,Girona,0,2,A,4.36,3.94,1.78,2324
27/04/2024,Almeria,Getafe,1,3,A,2.72,3.31,2.66,2324
27/04/2024,Alaves,Celta,3,0,H,2.66,3.1,2.9,2324
27/04/2024,Ath Madrid,Ath Bilbao,3,1,H,1.98,3.54,3.9,2324
28/04/2024,Cadiz,Mallorca,1,1,D,2.6,2.86,3.22,2324
28/04/2024,Granada,Osasuna,3,0,H,2.6,3.13,2.93,2324
28/04/2024,Villarreal,Vallecano,3,0,H,1.73,3.91,4.74,2324
28/04/2024,Betis,Sevilla,1,1,D,2.08,3.39,3.7,2324
29/04/2024,Barcelona,Valencia,4,2,H,1.36,5.26,8.27,2324
03/05/2024,Getafe,Ath Bilbao,0,2,A,3.93,3.24,2.07,2324
04/05/2024,Sociedad,Las Palmas,2,0,H,1.35,4.99,9.5,2324
04/05/2024,Real Madrid,Cadiz,3,0,H,1.34,5.33,8.92,2324
04/05/2024,Girona,Barcelona,4,2,H,2.73,3.81,2.41,2324
04/05/2024,Mallorca,Ath Madrid,0,1,A,3.75,3.2,2.15,2324
05/05/2024,Osasuna,Betis,0,2,A,3.16,3.27,2.36,2324
05/05/2024,Celta,Villarreal,3,2,H,2.37,3.64,2.87,2324
05/05/2024,Valencia,Alaves,0,1,A,2.13,3,4.13,2324
05/05/2024,Sevilla,Granada,3,0,H,1.65,4.07,5.18,2324
05/05/2024,Vallecano,Almeria,0,1,A,1.58,4.15,5.8,2324
10/05/2024,Alaves,Girona,2,2,D,3.48,3.57,2.11,2324
11/05/2024,Mallorca,Las Palmas,1,0,H,1.66,3.46,6.65,2324
11/05/2024,Villarreal,Sevilla,3,2,H,1.87,3.94,3.9,2324
11/05/2024,Granada,Real Madrid,0,4,A,5.8,4.57,1.53,2324
11/05/2024,Ath Bilbao,Osasuna,2,2,D,1.47,4.38,7.53,2324
12/05/2024,Cadiz,Getafe,1,0,H,2.11,3.21,3.86,2324
12/05/2024,Ath Madrid,Celta,1,0,H,1.44,4.64,7.42,2324
12/05/2024,Valencia,Vallecano,0,0,D,2.28,3.08,3.55,2324
12/05/2024,Betis,Almeria,3,2,H,1.35,5.39,8.26,2324
13/05/2024,Barcelona,Sociedad,2,0,H,1.82,3.72,4.35,2324
14/05/2024,Osasuna,Mallorca,1,1,D,2.81,2.92,2.91,2324
14/05/2024,Real Madrid,Alaves,5,0,H,1.21,7.03,14.07,2324
14/05/2024,Girona,Villarreal,0,1,A,1.7,4.53,4.31,2324
15/05/2024,Sevilla,Cadiz,0,1,A,1.91,3.61,4.12,2324
15/05/2024,Vallecano,Granada,2,1,H,1.67,3.77,5.54,2324
15/05/2024,Celta,Ath Bilbao,2,1,H,2.61,3.37,2.74,2324
15/05/2024,Getafe,Ath Madrid,0,3,A,4.7,3.54,1.82,2324
16/05/2024,Las Palmas,Betis,2,2,D,4.04,3.57,1.94,2324
16/05/2024,Almeria,Barcelona,0,2,A,6.62,5.32,1.42,2324
16/05/2024,Sociedad,Valencia,1,0,H,1.65,3.76,5.85,2324
18/05/2024,Alaves,Getafe,1,0,H,2.07,3.19,4.04,2324
19/05/2024,Ath Bilbao,Sevilla,2,0,H,1.73,3.84,4.81,2324
19/05/2024,Ath Madrid,Osasuna,1,4,A,1.4,4.91,7.75,2324
19/05/2024,Barcelona,Vallecano,3,0,H,1.27,6.12,10.63,2324
19/05/2024,Betis,Sociedad,0,2,A,2.61,3.14,2.92,2324
19/05/2024,Cadiz,Las Palmas,0,0,D,1.84,3.47,4.64,2324
19/05/2024,Granada,Celta,1,2,A,3.62,3.61,2.04,2324
19/05/2024,Mallorca,Almeria,2,2,D,1.51,4.18,6.92,2324
19/05/2024,Valencia,Girona,1,3,A,2.92,3.62,2.35,2324
19/05/2024,Villarreal,Real Madrid,4,4,D,3.24,3.93,2.07,2324
24/05/2024,Girona,Granada,7,0,H,1.22,7.13,11.24,2324
25/05/2024,Osasuna,Villarreal,1,1,D,2.9,3.72,2.3,2324
25/05/2024,Sociedad,Ath Madrid,0,2,A,2.4,3.45,2.93,2324
25/05/2024,Almeria,Cadiz,6,1,H,2.1,3.59,3.43,2324
25/05/2024,Vallecano,Ath Bilbao,0,1,A,2.88,3.51,2.41,2324
25/05/2024,Real Madrid,Betis,0,0,D,1.37,5.56,7.31,2324
26/05/2024,Getafe,Mallorca,1,2,A,2.33,3.22,3.25,2324
26/05/2024,Celta,Valencia,2,2,D,1.96,3.55,3.89,2324
26/05/2024,Las Palmas,Alaves,1,1,D,2.47,3.34,2.91,2324
26/05/2024,Sevilla,Barcelona,1,2,A,3.89,4.11,1.83,2324
12/08/2022,Osasuna,Sevilla,2,1,H,3.28,3.08,2.43,2223
13/08/2022,Celta,Espanol,2,2,D,1.83,3.68,4.5,2223
13/08/2022,Valladolid,Villarreal,0,3,A,3.93,3.66,1.94,2223
13/08/2022,Barcelona,Vallecano,0,0,D,1.21,6.79,14.2,2223
14/08/2022,Cadiz,Sociedad,0,1,A,3.55,3.24,2.2,2223
14/08/2022,Valencia,Girona,1,0,H,1.89,3.5,4.35,2223
14/08/2022,Almeria,Real Madrid,1,2,A,7.17,4.91,1.42,2223
15/08/2022,Ath Bilbao,Mallorca,0,0,D,1.6,3.83,6.23,2223
15/08/2022,Getafe,Ath Madrid,0,3,A,4.79,3.19,1.92,2223
15/08/2022,Betis,Elche,3,0,H,1.45,4.57,7.27,2223
19/08/2022,Espanol,Vallecano,0,2,A,2.51,3.05,3.18,2223
19/08/2022,Sevilla,Valladolid,1,1,D,1.53,4.17,6.71,2223
20/08/2022,Osasuna,Cadiz,2,0,H,1.95,3.26,4.44,2223
20/08/2022,Mallorca,Betis,1,2,A,3.1,3.26,2.42,2223
20/08/2022,Celta,Real Madrid,1,4,A,4.71,4.19,1.68,2223
21/08/2022,Ath Bilbao,Valencia,1,0,H,1.77,3.61,4.95,2223
21/08/2022,Ath Madrid,Villarreal,0,2,A,1.93,3.52,4.14,2223
21/08/2022,Sociedad,Barcelona,1,4,A,3.38,3.62,2.12,2223
22/08/2022,Elche,Almeria,1,1,D,2.5,3.2,3.01,2223
22/08/2022,Girona,Getafe,3,1,H,2.81,2.84,2.97,2223
26/08/2022,Girona,Celta,0,1,A,2.77,3.15,2.75,2223
26/08/2022,Betis,Osasuna,1,0,H,1.8,3.68,4.66,2223
27/08/2022,Elche,Sociedad,0,1,A,3.64,3.16,2.21,2223
27/08/2022,Vallecano,Mallorca,0,2,A,2.07,3.23,4.02,2223
27/08/2022,Almeria,Sevilla,2,1,H,3.56,3.23,2.21,2223
28/08/2022,Getafe,Villarreal,0,0,D,4.49,3.36,1.91,2223
28/08/2022,Barcelona,Valladolid,4,0,H,1.15,8.47,17.97,2223
28/08/2022,Espanol,Real Madrid,1,3,A,6.63,4.83,1.46,2223
29/08/2022,Cadiz,Ath Bilbao,0,4,A,3.78,3.11,2.18,2223
29/08/2022,Valencia,Ath Madrid,0,1,A,4.02,3.33,2.03,2223
02/09/2022,Celta,Cadiz,3,0,H,1.67,3.65,5.93,2223
03/09/2022,Mallorca,Girona,1,1,D,2.17,3.16,3.79,2223
03/09/2022,Real Madrid,Betis,2,1,H,1.43,5.13,6.82,2223
03/09/2022,Sociedad,Ath Madrid,1,1,D,2.96,3.17,2.58,2223
03/09/2022,Sevilla,Barcelona,0,3,A,4.48,3.74,1.82,2223
04/09/2022,Osasuna,Vallecano,2,1,H,2.06,3.13,4.23,2223
04/09/2022,Ath Bilbao,Espanol,0,1,A,1.57,3.98,6.46,2223
04/09/2022,Villarreal,Elche,4,0,H,1.35,5.08,9.56,2223
04/09/2022,Valencia,Getafe,5,1,H,1.96,3.2,4.52,2223
05/09/2022,Valladolid,Almeria,1,0,H,2.34,3.3,3.19,2223
09/09/2022,Girona,Valladolid,2,1,H,2.27,3.2,3.46,2223
10/09/2022,Vallecano,Valencia,2,1,H,2.6,3.17,2.9,2223
10/09/2022,Espanol,Sevilla,2,3,A,2.93,3.24,2.54,2223
10/09/2022,Cadiz,Barcelona,0,4,A,13.05,6.27,1.24,2223
10/09/2022,Ath Madrid,Celta,4,1,H,1.65,3.81,5.76,2223
11/09/2022,Real Madrid,Mallorca,4,1,H,1.27,6.11,10.84,2223
11/09/2022,Elche,Ath Bilbao,1,4,A,4.15,3.47,1.95,2223
11/09/2022,Getafe,Sociedad,2,1,H,3.77,3.07,2.2,2223
11/09/2022,Betis,Villarreal,1,0,H,2.88,3.48,2.45,2223
12/09/2022,Almeria,Osasuna,0,1,A,2.68,3.19,2.79,2223
16/09/2022,Valladolid,Cadiz,0,1,A,2.04,3.22,4.13,2223
17/09/2022,Mallorca,Almeria,1,0,H,2.05,3.32,3.94,2223
17/09/2022,Barcelona,Elche,3,0,H,1.1,10.86,25.46,2223
17/09/2022,Valencia,Celta,3,0,H,2.37,3.27,3.16,2223
17/09/2022,Ath Bilbao,Vallecano,3,2,H,1.55,4.1,6.55,2223
18/09/2022,Osasuna,Getafe,0,2,A,1.83,3.33,5.07,2223
18/09/2022,Villarreal,Sevilla,1,1,D,1.72,3.84,4.99,2223
18/09/2022,Betis,Girona,2,1,H,1.75,3.69,4.98,2223
18/09/2022,Sociedad,Espanol,2,1,H,1.73,3.77,4.93,2223
18/09/2022,Ath Madrid,Real Madrid,1,2,A,3.1,3.48,2.31,2223
30/09/2022,Ath Bilbao,Almeria,4,0,H,1.37,4.96,8.83,2223
01/10/2022,Cadiz,Villarreal,0,0,D,5.68,3.97,1.62,2223
01/10/2022,Getafe,Valladolid,2,3,A,2.31,3.1,3.45,2223
01/10/2022,Sevilla,Ath Madrid,0,2,A,3.05,3.19,2.49,2223
01/10/2022,Mallorca,Barcelona,0,1,A,8.63,5.3,1.35,2223
02/10/2022,Espanol,Valencia,2,2,D,2.72,3.26,2.7,2223
02/10/2022,Celta,Betis,1,0,H,2.48,3.37,2.9,2223
02/10/2022,Girona,Sociedad,3,5,A,3.26,3.24,2.32,2223
02/10/2022,Real Madrid,Osasuna,1,1,D,1.33,5.48,9.22,2223
03/10/2022,Vallecano,Elche,2,1,H,1.73,3.68,5.13,2223
07/10/2022,Osasuna,Valencia,1,2,A,2.42,3.25,3.11,2223
08/10/2022,Almeria,Vallecano,3,1,H,3.01,3.24,2.5,2223
08/10/2022,Ath Madrid,Girona,2,1,H,1.49,4.4,7,2223
08/10/2022,Sevilla,Ath Bilbao,1,1,D,3.04,3.3,2.44,2223
08/10/2022,Getafe,Real Madrid,0,1,A,6.64,4.46,1.5,2223
09/10/2022,Valladolid,Betis,0,0,D,2.88,3.42,2.48,2223
09/10/2022,Cadiz,Espanol,2,2,D,2.93,3.1,2.64,2223
09/10/2022,Sociedad,Villarreal,1,0,H,2.57,3.31,2.86,2223
09/10/2022,Barcelona,Celta,1,0,H,1.29,5.91,10.72,2223
10/10/2022,Elche,Mallorca,1,1,D,3.08,3.04,2.56,2223
14/10/2022,Vallecano,Getafe,0,0,D,2.07,3.18,4.12,2223
15/10/2022,Girona,Cadiz,1,1,D,1.91,3.32,4.58,2223
15/10/2022,Valencia,Elche,2,2,D,1.41,4.85,7.89,2223
15/10/2022,Mallorca,Sevilla,0,1,A,2.93,3.11,2.63,2223
15/10/2022,Ath Bilbao,Ath Madrid,0,1,A,2.47,3.28,3.02,2223
16/10/2022,Celta,Sociedad,1,2,A,2.58,3.25,2.88,2223
16/10/2022,Real Madrid,Barcelona,3,1,H,2.28,3.64,3.05,2223
16/10/2022,Espanol,Valladolid,1,0,H,2.2,3.36,3.42,2223
16/10/2022,Betis,Almeria,3,1,H,1.58,4.22,5.77,2223
17/10/2022,Villarreal,Osasuna,2,0,H,1.58,4.16,5.92,2223
18/10/2022,Sevilla,Valencia,1,1,D,2.3,3.39,3.22,2223
18/10/2022,Getafe,Ath Bilbao,2,2,D,4.52,3.38,1.91,2223
18/10/2022,Ath Madrid,Vallecano,1,1,D,1.53,4.02,7.19,2223
19/10/2022,Cadiz,Betis,0,0,D,3.73,3.28,2.13,2223
19/10/2022,Valladolid,Celta,4,1,H,2.89,3.28,2.55,2223
19/10/2022,Sociedad,Mallorca,1,0,H,1.55,4.08,6.49,2223
19/10/2022,Elche,Real Madrid,0,3,A,9.5,5.7,1.31,2223
20/10/2022,Almeria,Girona,3,2,H,2.61,3.29,2.81,2223
20/10/2022,Osasuna,Espanol,1,0,H,2.11,3.41,3.61,2223
20/10/2022,Barcelona,Villarreal,3,0,H,1.5,4.76,6.13,2223
22/10/2022,Vallecano,Cadiz,5,1,H,1.75,3.58,5.17,2223
22/10/2022,Valladolid,Sociedad,1,0,H,3.62,3.42,2.11,2223
22/10/2022,Valencia,Mallorca,1,2,A,1.76,3.58,5.05,2223
22/10/2022,Real Madrid,Sevilla,3,1,H,1.37,5.03,8.62,2223
23/10/2022,Espanol,Elche,2,2,D,1.7,3.87,5.04,2223
23/10/2022,Betis,Ath Madrid,1,2,A,3.16,3.32,2.35,2223
23/10/2022,Girona,Osasuna,1,1,D,2.59,3.19,2.9,2223
23/10/2022,Villarreal,Almeria,2,1,H,1.38,5.04,8.53,2223
23/10/2022,Barcelona,Ath Bilbao,4,0,H,1.56,4.47,5.68,2223
24/10/2022,Celta,Getafe,1,1,D,1.79,3.5,4.99,2223
28/10/2022,Mallorca,Espanol,1,1,D,2.3,3.08,3.49,2223
29/10/2022,Almeria,Celta,3,1,H,3.26,3.37,2.26,2223
29/10/2022,Cadiz,Ath Madrid,3,2,H,6.47,3.76,1.6,2223
29/10/2022,Sevilla,Vallecano,0,1,A,1.99,3.41,3.99,2223
29/10/2022,Valencia,Barcelona,0,1,A,5.29,4.38,1.59,2223
30/10/2022,Osasuna,Valladolid,2,0,H,1.93,3.47,4.18,2223
30/10/2022,Real Madrid,Girona,1,1,D,1.21,6.96,13.19,2223
30/10/2022,Ath Bilbao,Villarreal,1,0,H,2.2,3.41,3.32,2223
30/10/2022,Sociedad,Betis,0,2,A,2.05,3.47,3.72,2223
31/10/2022,Elche,Getafe,0,1,A,2.71,3.02,2.86,2223
04/11/2022,Girona,Ath Bilbao,2,1,H,3.84,3.55,1.99,2223
05/11/2022,Getafe,Cadiz,0,0,D,2.2,3.09,3.77,2223
05/11/2022,Valladolid,Elche,2,1,H,1.82,3.72,4.42,2223
05/11/2022,Celta,Osasuna,1,2,A,2.14,3.34,3.61,2223
05/11/2022,Barcelona,Almeria,2,0,H,1.1,10.92,25.93,2223
06/11/2022,Ath Madrid,Espanol,1,1,D,1.45,4.36,7.91,2223
06/11/2022,Sociedad,Valencia,1,1,D,1.95,3.44,4.18,2223
06/11/2022,Villarreal,Mallorca,0,2,A,1.61,3.93,5.89,2223
06/11/2022,Betis,Sevilla,1,1,D,2.18,3.31,3.54,2223
07/11/2022,Vallecano,Real Madrid,3,2,H,5.2,4.11,1.64,2223
08/11/2022,Elche,Girona,1,2,A,3.36,3.3,2.26,2223
08/11/2022,Ath Bilbao,Valladolid,3,0,H,1.42,4.69,7.85,2223
08/11/2022,Osasuna,Barcelona,1,2,A,6.13,4.38,1.54,2223
09/11/2022,Almeria,Getafe,1,0,H,2.22,3.22,3.54,2223
09/11/2022,Sevilla,Sociedad,1,2,A,2.6,3.19,2.91,2223
09/11/2022,Espanol,Villarreal,0,1,A,3.09,3.3,2.4,2223
09/11/2022,Mallorca,Ath Madrid,1,0,H,3.78,3.2,2.14,2223
10/11/2022,Vallecano,Celta,0,0,D,2.17,3.3,3.57,2223
10/11/2022,Valencia,Betis,3,0,H,2.17,3.37,3.5,2223
10/11/2022,Real Madrid,Cadiz,2,1,H,1.15,8.36,19.48,2223
29/12/2022,Girona,Vallecano,2,2,D,2.36,3.29,3.18,2223
29/12/2022,Betis,Ath Bilbao,0,0,D,2.86,3.38,2.53,2223
29/12/2022,Ath Madrid,Elche,2,0,H,1.29,5.67,11.24,2223
30/12/2022,Getafe,Mallorca,2,0,H,2.81,2.75,3.09,2223
30/12/2022,Cadiz,Almeria,1,1,D,2.37,3.18,3.27,2223
30/12/2022,Celta,Sevilla,1,1,D,2.21,3.36,3.42,2223
30/12/2022,Valladolid,Real Madrid,0,2,A,6.39,4.68,1.48,2223
31/12/2022,Barcelona,Espanol,1,1,D,1.25,6.43,11.21,2223
31/12/2022,Sociedad,Osasuna,2,0,H,1.9,3.42,4.46,2223
31/12/2022,Villarreal,Valencia,2,1,H,1.97,3.45,4.09,2223
06/01/2023,Elche,Celta,0,1,A,4.07,3.28,2.03,2223
06/01/2023,Valencia,Cadiz,0,1,A,1.59,4.08,5.94,2223
07/01/2023,Villarreal,Real Madrid,2,1,H,3.34,3.83,2.09,2223
07/01/2023,Mallorca,Valladolid,1,0,H,1.96,3.34,4.26,2223
07/01/2023,Espanol,Girona,2,2,D,2.3,3.41,3.17,2223
08/01/2023,Almeria,Sociedad,0,2,A,4.06,3.4,1.99,2223
08/01/2023,Vallecano,Betis,1,2,A,2.34,3.28,3.22,2223
08/01/2023,Sevilla,Getafe,2,1,H,1.77,3.46,5.27,2223
08/01/2023,Ath Madrid,Barcelona,0,1,A,3.1,3.46,2.33,2223
09/01/2023,Ath Bilbao,Osasuna,0,0,D,1.68,3.69,5.6,2223
13/01/2023,Celta,Villarreal,1,1,D,2.81,3.31,2.6,2223
14/01/2023,Valladolid,Vallecano,0,1,A,2.78,3.25,2.66,2223
14/01/2023,Girona,Sevilla,2,1,H,2.42,3.34,3.03,2223
14/01/2023,Osasuna,Mallorca,1,0,H,2.06,3.12,4.21,2223
14/01/2023,Sociedad,Ath Bilbao,3,1,H,2.45,3.19,3.12,2223
15/01/2023,Getafe,Espanol,1,2,A,2.54,3.02,3.14,2223
15/01/2023,Almeria,Ath Madrid,1,1,D,4.84,3.84,1.73,2223
16/01/2023,Cadiz,Elche,1,1,D,1.94,3.38,4.29,2223
20/01/2023,Mallorca,Celta,1,0,H,2.85,2.76,3.06,2223
21/01/2023,Vallecano,Sociedad,0,2,A,3.14,3.16,2.45,2223
21/01/2023,Espanol,Betis,1,0,H,2.79,3.16,2.72,2223
21/01/2023,Ath Madrid,Valladolid,3,0,H,1.38,4.8,8.75,2223
21/01/2023,Sevilla,Cadiz,1,0,H,1.7,3.73,5.3,2223
22/01/2023,Villarreal,Girona,1,0,H,1.75,3.95,4.54,2223
22/01/2023,Elche,Osasuna,1,1,D,3.62,3.29,2.16,2223
22/01/2023,Barcelona,Getafe,1,0,H,1.18,7.33,17.65,2223
22/01/2023,Ath Bilbao,Real Madrid,0,2,A,2.91,3.47,2.43,2223
23/01/2023,Valencia,Almeria,2,2,D,1.61,4.13,5.46,2223
27/01/2023,Almeria,Espanol,3,1,H,2.4,3.18,3.23,2223
28/01/2023,Cadiz,Mallorca,2,0,H,2.89,2.8,2.94,2223
28/01/2023,Girona,Barcelona,0,1,A,5.27,4.31,1.61,2223
28/01/2023,Sevilla,Elche,3,0,H,1.52,4.13,6.93,2223
28/01/2023,Getafe,Betis,0,1,A,3.15,2.89,2.63,2223
29/01/2023,Valladolid,Valencia,1,0,H,3.16,3.26,2.38,2223
29/01/2023,Osasuna,Ath Madrid,0,1,A,3.58,3.23,2.2,2223
29/01/2023,Celta,Ath Bilbao,1,0,H,2.9,3.05,2.7,2223
29/01/2023,Real Madrid,Sociedad,0,0,D,1.71,3.93,4.96,2223
30/01/2023,Villarreal,Vallecano,0,1,A,1.7,3.84,5.13,2223
01/02/2023,Betis,Barcelona,1,2,A,5.09,4.05,1.67,2223
02/02/2023,Real Madrid,Valencia,2,0,H,1.43,4.92,7.06,2223
03/02/2023,Ath Bilbao,Cadiz,4,1,H,1.37,4.69,9.68,2223
04/02/2023,Espanol,Osasuna,1,1,D,2.58,3.05,3.03,2223
04/02/2023,Elche,Villarreal,3,1,H,5.22,3.87,1.69,2223
04/02/2023,Ath Madrid,Getafe,1,1,D,1.42,4.24,9.63,2223
04/02/2023,Betis,Celta,3,4,A,2.22,3.16,3.65,2223
05/02/2023,Mallorca,Real Madrid,1,0,H,5.05,3.63,1.75,2223
05/02/2023,Girona,Valencia,1,0,H,2.22,3.34,3.4,2223
05/02/2023,Sociedad,Valladolid,0,1,A,1.43,4.4,8.29,2223
05/02/2023,Barcelona,Sevilla,3,0,H,1.33,5.39,9.7,2223
06/02/2023,Vallecano,Almeria,2,0,H,1.75,3.73,4.88,2223
10/02/2023,Cadiz,Girona,2,0,H,3.06,3.18,2.5,2223
11/02/2023,Almeria,Betis,2,3,A,2.91,3.35,2.48,2223
11/02/2023,Sevilla,Mallorca,2,0,H,1.97,3.15,4.57,2223
11/02/2023,Valencia,Ath Bilbao,1,2,A,3.01,3.25,2.48,2223
12/02/2023,Getafe,Vallecano,1,1,D,2.87,2.83,2.92,2223
12/02/2023,Celta,Ath Madrid,0,1,A,3.58,3.21,2.2,2223
12/02/2023,Valladolid,Osasuna,0,0,D,2.8,3.06,2.76,2223
12/02/2023,Villarreal,Barcelona,0,1,A,4.2,3.85,1.83,2223
13/02/2023,Espanol,Sociedad,2,3,A,3.45,3.1,2.31,2223
15/02/2023,Real Madrid,Elche,4,0,H,1.2,7.12,14.67,2223
17/02/2023,Girona,Almeria,6,2,H,1.84,3.65,4.41,2223
18/02/2023,Sociedad,Celta,1,1,D,1.8,3.44,5.03,2223
18/02/2023,Betis,Valladolid,2,1,H,1.63,3.9,5.77,2223
18/02/2023,Mallorca,Villarreal,4,2,H,3.34,2.94,2.47,2223
18/02/2023,Osasuna,Real Madrid,0,2,A,4.54,3.64,1.82,2223
19/02/2023,Elche,Espanol,0,1,A,2.89,3.14,2.63,2223
19/02/2023,Vallecano,Sevilla,1,1,D,2.5,3.15,3.07,2223
19/02/2023,Ath Madrid,Ath Bilbao,1,0,H,2.05,3.27,4,2223
19/02/2023,Barcelona,Cadiz,2,0,H,1.19,7.09,14.96,2223
20/02/2023,Getafe,Valencia,1,0,H,2.83,2.91,2.87,2223
24/02/2023,Elche,Betis,2,3,A,3.7,3.41,2.09,2223
25/02/2023,Espanol,Mallorca,2,1,H,2.58,2.93,3.19,2223
25/02/2023,Cadiz,Vallecano,1,0,H,2.99,2.96,2.7,2223
25/02/2023,Real Madrid,Ath Madrid,1,1,D,1.82,3.65,4.6,2223
25/02/2023,Valencia,Sociedad,1,0,H,3.09,3.2,2.46,2223
26/02/2023,Ath Bilbao,Girona,2,3,A,1.69,3.78,5.29,2223
26/02/2023,Celta,Valladolid,3,0,H,1.68,3.77,5.49,2223
26/02/2023,Almeria,Barcelona,1,0,H,6.87,4.9,1.44,2223
26/02/2023,Sevilla,Osasuna,2,3,A,1.88,3.46,4.51,2223
27/02/2023,Villarreal,Getafe,2,1,H,1.68,3.68,5.67,2223
03/03/2023,Sociedad,Cadiz,0,0,D,1.53,3.93,7.47,2223
04/03/2023,Getafe,Girona,3,2,H,2.79,2.96,2.89,2223
04/03/2023,Almeria,Villarreal,0,2,A,3.43,3.66,2.09,2223
04/03/2023,Mallorca,Elche,0,1,A,1.71,3.39,6.09,2223
04/03/2023,Ath Madrid,Sevilla,6,1,H,1.7,3.65,5.46,2223
05/03/2023,Valladolid,Espanol,2,1,H,2.55,3.21,2.93,2223
05/03/2023,Barcelona,Valencia,1,0,H,1.53,4.33,6.25,2223
05/03/2023,Vallecano,Ath Bilbao,0,0,D,3.04,3.13,2.53,2223
05/03/2023,Betis,Real Madrid,0,0,D,4.58,3.88,1.76,2223
06/03/2023,Osasuna,Celta,0,0,D,2.81,3.06,2.77,2223
10/03/2023,Cadiz,Getafe,2,2,D,2.52,2.85,3.38,2223
11/03/2023,Real Madrid,Espanol,3,1,H,1.26,6,11.6,2223
11/03/2023,Elche,Valladolid,1,1,D,2.67,3.29,2.73,2223
11/03/2023,Celta,Vallecano,3,0,H,2.11,3.19,3.9,2223
11/03/2023,Valencia,Osasuna,1,0,H,2.1,3.2,3.89,2223
12/03/2023,Mallorca,Sociedad,1,1,D,3.47,2.91,2.42,2223
12/03/2023,Sevilla,Almeria,2,1,H,1.74,3.76,4.89,2223
12/03/2023,Villarreal,Betis,1,1,D,1.98,3.62,3.75,2223
12/03/2023,Ath Bilbao,Barcelona,0,1,A,3.49,3.34,2.18,2223
13/03/2023,Girona,Ath Madrid,0,1,A,3.65,3.37,2.1,2223
17/03/2023,Valladolid,Ath Bilbao,1,3,A,4.27,3.69,1.86,2223
18/03/2023,Almeria,Cadiz,1,1,D,2.08,3.4,3.71,2223
18/03/2023,Vallecano,Girona,2,2,D,2.08,3.39,3.72,2223
18/03/2023,Espanol,Celta,1,3,A,2.88,3.19,2.6,2223
18/03/2023,Ath Madrid,Valencia,3,0,H,1.57,3.95,6.53,2223
19/03/2023,Betis,Mallorca,1,0,H,1.86,3.31,4.9,2223
19/03/2023,Osasuna,Villarreal,0,3,A,3.09,3.19,2.46,2223
19/03/2023,Sociedad,Elche,2,0,H,1.4,4.66,8.9,2223
19/03/2023,Getafe,Sevilla,2,0,H,2.99,3.03,2.63,2223
19/03/2023,Barcelona,Real Madrid,2,1,H,2.19,3.54,3.3,2223
31/03/2023,Mallorca,Osasuna,0,0,D,2.23,2.87,4.02,2223
01/04/2023,Girona,Espanol,2,1,H,1.94,3.46,4.15,2223
01/04/2023,Ath Bilbao,Getafe,0,0,D,1.62,3.68,6.48,2223
01/04/2023,Cadiz,Sevilla,0,2,A,3.37,3.13,2.34,2223
01/04/2023,Elche,Barcelona,0,4,A,9.44,5.16,1.34,2223
02/04/2023,Celta,Almeria,2,2,D,1.57,4.17,6.01,2223
02/04/2023,Real Madrid,Valladolid,6,0,H,1.21,7.2,13.22,2223
02/04/2023,Villarreal,Sociedad,2,0,H,2.4,3.21,3.16,2223
02/04/2023,Ath Madrid,Betis,1,0,H,1.54,4.17,6.47,2223
03/04/2023,Valencia,Vallecano,1,1,D,2.12,3.21,3.81,2223
07/04/2023,Sevilla,Celta,2,2,D,2.19,3.36,3.47,2223
08/04/2023,Osasuna,Elche,2,1,H,1.77,3.54,5.13,2223
08/04/2023,Espanol,Ath Bilbao,1,2,A,3.48,3.22,2.24,2223
08/04/2023,Sociedad,Getafe,2,0,H,1.7,3.44,6.1,2223
08/04/2023,Real Madrid,Villarreal,2,3,A,1.53,4.51,5.93,2223
09/04/2023,Valladolid,Mallorca,3,3,D,2.57,2.91,3.2,2223
09/04/2023,Betis,Cadiz,0,2,A,1.67,3.74,5.64,2223
09/04/2023,Almeria,Valencia,2,1,H,3.03,3.34,2.41,2223
09/04/2023,Vallecano,Ath Madrid,1,2,A,4.45,3.45,1.89,2223
10/04/2023,Barcelona,Girona,0,0,D,1.3,5.62,10.2,2223
14/04/2023,Vallecano,Osasuna,2,1,H,2.21,3.11,3.73,2223
15/04/2023,Villarreal,Valladolid,1,2,A,1.43,4.87,7.17,2223
15/04/2023,Ath Bilbao,Sociedad,2,0,H,2.28,3.16,3.5,2223
15/04/2023,Betis,Espanol,3,1,H,1.85,3.54,4.56,2223
15/04/2023,Cadiz,Real Madrid,0,2,A,5.78,4.26,1.57,2223
16/04/2023,Girona,Elche,2,0,H,1.53,4.28,6.34,2223
16/04/2023,Getafe,Barcelona,0,0,D,6.13,3.87,1.61,2223
16/04/2023,Ath Madrid,Almeria,2,1,H,1.23,6.35,13.07,2223
16/04/2023,Valencia,Sevilla,0,2,A,2.19,3.27,3.57,2223
17/04/2023,Celta,Mallorca,0,1,A,1.81,3.33,5.21,2223
21/04/2023,Espanol,Cadiz,0,0,D,2.08,3.32,3.84,2223
22/04/2023,Osasuna,Betis,3,2,H,2.64,3.12,2.9,2223
22/04/2023,Almeria,Ath Bilbao,1,2,A,4.11,3.68,1.88,2223
22/04/2023,Sociedad,Vallecano,2,1,H,1.67,3.65,5.81,2223
22/04/2023,Valladolid,Girona,1,0,H,2.47,3.42,2.87,2223
22/04/2023,Real Madrid,Celta,2,0,H,1.37,5.25,8.16,2223
23/04/2023,Elche,Valencia,0,2,A,4.35,3.5,1.89,2223
23/04/2023,Barcelona,Ath Madrid,1,0,H,1.97,3.43,4.09,2223
23/04/2023,Mallorca,Getafe,3,1,H,2.35,2.81,3.79,2223
23/04/2023,Sevilla,Villarreal,2,1,H,2.82,3.38,2.53,2223
25/04/2023,Cadiz,Osasuna,0,1,A,2.37,3.14,3.33,2223
25/04/2023,Girona,Real Madrid,4,2,H,5.45,4.39,1.58,2223
25/04/2023,Betis,Sociedad,0,0,D,2.84,3.22,2.65,2223
26/04/2023,Ath Madrid,Mallorca,3,1,H,1.42,4.25,9.22,2223
26/04/2023,Getafe,Almeria,1,2,A,1.89,3.44,4.44,2223
26/04/2023,Celta,Elche,1,0,H,1.33,5.16,10.21,2223
26/04/2023,Vallecano,Barcelona,2,1,H,4.9,3.72,1.75,2223
27/04/2023,Valencia,Valladolid,2,1,H,1.75,3.77,4.77,2223
27/04/2023,Villarreal,Espanol,4,2,H,1.6,4.05,5.75,2223
27/04/2023,Ath Bilbao,Sevilla,0,1,A,1.79,3.65,4.69,2223
28/04/2023,Osasuna,Sociedad,0,2,A,3.84,3.01,2.22,2223
29/04/2023,Elche,Vallecano,4,0,H,4.66,3.54,1.83,2223
29/04/2023,Real Madrid,Almeria,4,2,H,1.16,8.52,16.07,2223
29/04/2023,Barcelona,Betis,4,0,H,1.34,5.22,9.1,2223
30/04/2023,Cadiz,Valencia,2,1,H,3.02,3.19,2.49,2223
30/04/2023,Villarreal,Celta,3,1,H,1.82,3.77,4.32,2223
30/04/2023,Espanol,Getafe,1,0,H,2.42,3,3.35,2223
30/04/2023,Valladolid,Ath Madrid,2,5,A,5.21,4.01,1.66,2223
01/05/2023,Mallorca,Ath Bilbao,1,1,D,3.64,2.98,2.29,2223
01/05/2023,Sevilla,Girona,0,2,A,1.99,3.5,3.87,2223
02/05/2023,Almeria,Elche,2,1,H,1.62,4.33,5.21,2223
02/05/2023,Barcelona,Osasuna,1,0,H,1.16,7.76,18.74,2223
02/05/2023,Sociedad,Real Madrid,2,0,H,2.54,3.35,2.87,2223
03/05/2023,Valencia,Villarreal,1,1,D,2.76,3.43,2.56,2223
03/05/2023,Ath Madrid,Cadiz,5,1,H,1.28,5.69,12.11,2223
03/05/2023,Getafe,Celta,1,0,H,2.56,2.99,3.14,2223
04/05/2023,Girona,Mallorca,2,1,H,2.13,3.23,3.79,2223
04/05/2023,Sevilla,Espanol,3,2,H,1.86,3.58,4.36,2223
04/05/2023,Ath Bilbao,Betis,0,1,A,1.7,3.87,5.15,2223
04/05/2023,Vallecano,Valladolid,2,1,H,1.79,3.73,4.59,2223
12/05/2023,Mallorca,Cadiz,1,0,H,2.19,2.99,3.95,2223
13/05/2023,Sociedad,Girona,2,2,D,1.65,3.91,5.47,2223
13/05/2023,Osasuna,Almeria,3,1,H,2.09,3.55,3.53,2223
13/05/2023,Villarreal,Ath Bilbao,5,1,H,2.17,3.5,3.39,2223
13/05/2023,Real Madrid,Getafe,1,0,H,1.57,4.1,6.1,2223
14/05/2023,Celta,Valencia,1,2,A,2.28,3.22,3.37,2223
14/05/2023,Elche,Ath Madrid,1,0,H,8.74,5.11,1.36,2223
14/05/2023,Valladolid,Sevilla,0,3,A,2.24,3.52,3.16,2223
14/05/2023,Espanol,Barcelona,2,4,A,5.28,4.06,1.64,2223
15/05/2023,Betis,Vallecano,3,1,H,1.92,3.52,4.15,2223
19/05/2023,Cadiz,Valladolid,2,0,H,2.22,3.41,3.36,2223
20/05/2023,Girona,Villarreal,1,2,A,2.86,3.73,2.36,2223
20/05/2023,Ath Bilbao,Celta,2,1,H,1.67,3.87,5.44,2223
20/05/2023,Almeria,Mallorca,3,0,H,2.29,3.32,3.29,2223
20/05/2023,Getafe,Elche,1,1,D,1.51,4.09,7.46,2223
20/05/2023,Barcelona,Sociedad,1,2,A,1.85,3.7,4.33,2223
21/05/2023,Vallecano,Espanol,1,2,A,2.17,3.46,3.42,2223
21/05/2023,Ath Madrid,Osasuna,3,0,H,1.38,4.98,8.57,2223
21/05/2023,Valencia,Real Madrid,1,0,H,3.17,3.62,2.21,2223
21/05/2023,Sevilla,Betis,0,0,D,2.35,3.38,3.12,2223
23/05/2023,Celta,Girona,1,1,D,2.03,3.49,3.79,2223
23/05/2023,Sociedad,Almeria,1,0,H,1.37,5.13,8.39,2223
23/05/2023,Valladolid,Barcelona,3,1,H,3.59,3.83,1.99,2223
24/05/2023,Elche,Sevilla,1,1,D,4.04,3.74,1.89,2223
24/05/2023,Real Madrid,Vallecano,2,1,H,1.65,4.19,5.07,2223
24/05/2023,Villarreal,Cadiz,2,0,H,1.49,4.5,6.6,2223
24/05/2023,Betis,Getafe,0,1,A,2.06,3.22,4.05,2223
24/05/2023,Espanol,Ath Madrid,3,3,D,2.94,3.57,2.36,2223
25/05/2023,Mallorca,Valencia,1,0,H,3.4,2.97,2.41,2223
25/05/2023,Osasuna,Ath Bilbao,2,0,H,3.02,3.32,2.43,2223
27/05/2023,Sevilla,Real Madrid,1,2,A,2.87,3.46,2.44,2223
28/05/2023,Almeria,Valladolid,0,0,D,2.28,3.56,3.06,2223
28/05/2023,Ath Bilbao,Elche,0,1,A,1.32,5.37,9.45,2223
28/05/2023,Ath Madrid,Sociedad,2,1,H,2.05,3.5,3.68,2223
28/05/2023,Barcelona,Mallorca,3,0,H,1.32,5.42,9.38,2223
28/05/2023,Cadiz,Celta,1,0,H,2.63,3.22,2.81,2223
28/05/2023,Getafe,Osasuna,2,1,H,2.23,3.11,3.58,2223
28/05/2023,Girona,Betis,1,2,A,2,3.59,3.69,2223
28/05/2023,Valencia,Espanol,2,2,D,2.01,3.62,3.64,2223
28/05/2023,Vallecano,Villarreal,2,1,H,3.01,3.7,2.25,2223
04/06/2023,Mallorca,Vallecano,3,0,H,3.1,3.33,2.36,2223
04/06/2023,Osasuna,Girona,2,1,H,2.13,3.54,3.41,2223
04/06/2023,Real Madrid,Ath Bilbao,1,1,D,1.93,3.88,3.73,2223
04/06/2023,Sociedad,Sevilla,2,1,H,1.71,4.03,4.68,2223
04/06/2023,Villarreal,Ath Madrid,2,2,D,2.69,3.65,2.51,2223
04/06/2023,Betis,Valencia,1,1,D,2.78,3.59,2.46,2223
04/06/2023,Celta,Barcelona,2,1,H,2.63,3.68,2.54,2223
04/06/2023,Elche,Cadiz,1,1,D,2.67,3.4,2.65,2223
04/06/2023,Espanol,Almeria,3,3,D,2.78,3.74,2.4,2223
04/06/2023,Valladolid,Getafe,0,0,D,2.22,3.31,3.4,2223
13/08/2021,Valencia,Getafe,1,0,H,2.64,3.01,3.06,2122
14/08/2021,Cadiz,Levante,1,1,D,2.78,3.23,2.66,2122
14/08/2021,Mallorca,Betis,1,1,D,3.38,3.29,2.24,2122
14/08/2021,Alaves,Real Madrid,1,4,A,7.08,4.57,1.46,2122
14/08/2021,Osasuna,Espanol,0,0,D,2.29,3.26,3.31,2122
15/08/2021,Celta,Ath Madrid,1,2,A,4.17,3.25,2.01,2122
15/08/2021,Barcelona,Sociedad,4,2,H,1.74,4.06,4.44,2122
15/08/2021,Sevilla,Vallecano,3,0,H,1.44,4.54,7.6,2122
16/08/2021,Villarreal,Granada,0,0,D,1.54,4.24,6.25,2122
16/08/2021,Elche,Ath Bilbao,0,0,D,3.78,3.3,2.09,2122
20/08/2021,Betis,Cadiz,1,1,D,1.52,4.3,6.69,2122
21/08/2021,Alaves,Mallorca,0,1,A,2.3,3.19,3.36,2122
21/08/2021,Espanol,Villarreal,0,0,D,3.07,3.38,2.36,2122
21/08/2021,Granada,Valencia,1,1,D,2.53,3.25,2.92,2122
21/08/2021,Ath Bilbao,Barcelona,1,1,D,4.14,3.63,1.9,2122
22/08/2021,Sociedad,Vallecano,1,0,H,1.47,4.38,7.33,2122
22/08/2021,Ath Madrid,Elche,1,0,H,1.23,6.07,15.8,2122
22/08/2021,Levante,Real Madrid,3,3,D,4.97,4.23,1.65,2122
23/08/2021,Getafe,Sevilla,0,1,A,3.49,3.14,2.26,2122
23/08/2021,Osasuna,Celta,0,0,D,2.66,3.19,2.8,2122
27/08/2021,Mallorca,Espanol,1,0,H,2.64,2.95,3.08,2122
27/08/2021,Valencia,Alaves,3,0,H,1.78,3.58,5.02,2122
28/08/2021,Celta,Ath Bilbao,0,1,A,2.48,3.2,3.05,2122
28/08/2021,Elche,Sevilla,1,1,D,5.24,3.46,1.77,2122
28/08/2021,Sociedad,Levante,1,0,H,1.57,4.2,5.94,2122
28/08/2021,Betis,Real Madrid,0,1,A,4.21,3.84,1.84,2122
29/08/2021,Barcelona,Getafe,2,1,H,1.4,4.83,8.36,2122
29/08/2021,Cadiz,Osasuna,2,3,A,3.15,3.07,2.5,2122
29/08/2021,Vallecano,Granada,4,0,H,2.59,3.2,2.89,2122
29/08/2021,Ath Madrid,Villarreal,2,2,D,1.78,3.41,5.28,2122
11/09/2021,Levante,Vallecano,1,1,D,2.1,3.44,3.6,2122
11/09/2021,Ath Bilbao,Mallorca,2,0,H,1.74,3.62,5.17,2122
12/09/2021,Espanol,Ath Madrid,1,2,A,4.26,3.38,1.95,2122
12/09/2021,Osasuna,Valencia,1,4,A,2.47,3.14,3.11,2122
12/09/2021,Cadiz,Sociedad,0,2,A,5.25,3.52,1.75,2122
12/09/2021,Real Madrid,Celta,5,2,H,1.37,5.25,7.97,2122
13/09/2021,Getafe,Elche,0,1,A,1.84,3.36,4.87,2122
13/09/2021,Granada,Betis,1,2,A,3.06,3.3,2.41,2122
17/09/2021,Celta,Cadiz,1,2,A,1.51,4.28,6.99,2122
18/09/2021,Vallecano,Getafe,3,0,H,2.48,2.98,3.28,2122
18/09/2021,Ath Madrid,Ath Bilbao,0,0,D,1.68,3.57,5.94,2122
18/09/2021,Elche,Levante,1,1,D,2.47,3.13,3.14,2122
18/09/2021,Alaves,Osasuna,0,2,A,3.05,3.07,2.57,2122
19/09/2021,Mallorca,Villarreal,0,0,D,3.47,3.13,2.29,2122
19/09/2021,Sociedad,Sevilla,0,0,D,2.63,3.19,2.85,2122
19/09/2021,Betis,Espanol,2,2,D,2.02,3.33,3.98,2122
19/09/2021,Valencia,Real Madrid,1,2,A,3.76,3.82,1.95,2122
20/09/2021,Barcelona,Granada,1,1,D,1.29,5.83,10.53,2122
21/09/2021,Getafe,Ath Madrid,1,2,A,6.19,3.47,1.69,2122
21/09/2021,Ath Bilbao,Vallecano,1,2,A,1.9,3.37,4.58,2122
21/09/2021,Levante,Celta,0,2,A,2.62,3.39,2.74,2122
22/09/2021,Espanol,Alaves,1,0,H,1.85,3.41,4.74,2122
22/09/2021,Sevilla,Valencia,3,1,H,1.66,3.88,5.53,2122
22/09/2021,Real Madrid,Mallorca,6,1,H,1.24,6.36,12.33,2122
22/09/2021,Villarreal,Elche,4,1,H,1.51,4.14,7.04,2122
23/09/2021,Granada,Sociedad,2,3,A,4.06,3.51,1.95,2122
23/09/2021,Osasuna,Betis,1,3,A,2.36,3.31,3.13,2122
23/09/2021,Cadiz,Barcelona,0,0,D,6.18,4.43,1.52,2122
25/09/2021,Alaves,Ath Madrid,1,0,H,7.13,3.91,1.55,2122
25/09/2021,Valencia,Ath Bilbao,1,1,D,2.62,3.2,2.85,2122
25/09/2021,Sevilla,Espanol,2,0,H,1.63,3.82,5.99,2122
25/09/2021,Real Madrid,Villarreal,0,0,D,1.5,4.69,6.06,2122
26/09/2021,Mallorca,Osasuna,2,3,A,2.77,3.12,2.77,2122
26/09/2021,Barcelona,Levante,3,0,H,1.43,4.99,6.87,2122
26/09/2021,Sociedad,Elche,1,0,H,1.44,4.42,8.22,2122
26/09/2021,Vallecano,Cadiz,3,1,H,1.64,3.82,5.78,2122
26/09/2021,Betis,Getafe,2,0,H,1.78,3.7,4.77,2122
27/09/2021,Celta,Granada,1,0,H,1.65,4.02,5.24,2122
01/10/2021,Ath Bilbao,Alaves,1,0,H,1.58,3.82,6.78,2122
02/10/2021,Osasuna,Vallecano,1,0,H,2.21,3.39,3.4,2122
02/10/2021,Mallorca,Levante,1,0,H,2.17,3.37,3.47,2122
02/10/2021,Cadiz,Valencia,0,0,D,3.31,3.08,2.4,2122
02/10/2021,Ath Madrid,Barcelona,2,0,H,1.92,3.52,4.21,2122
03/10/2021,Elche,Celta,1,0,H,3.36,3.16,2.33,2122
03/10/2021,Espanol,Real Madrid,2,1,H,5.04,4.07,1.67,2122
03/10/2021,Getafe,Sociedad,1,1,D,3.66,3.11,2.22,2122
03/10/2021,Villarreal,Betis,2,0,H,1.99,3.69,3.69,2122
03/10/2021,Granada,Sevilla,1,0,H,4.97,3.53,1.78,2122
16/10/2021,Levante,Getafe,0,0,D,2.53,2.92,3.22,2122
16/10/2021,Sociedad,Mallorca,1,0,H,1.43,4.44,8.13,2122
17/10/2021,Vallecano,Elche,2,1,H,1.82,3.57,4.65,2122
17/10/2021,Celta,Sevilla,0,1,A,3.42,3.18,2.26,2122
17/10/2021,Villarreal,Osasuna,1,2,A,1.68,3.87,5.18,2122
17/10/2021,Barcelona,Valencia,3,1,H,1.54,4.29,6.23,2122
18/10/2021,Alaves,Betis,0,1,A,3.49,3.34,2.17,2122
18/10/2021,Espanol,Cadiz,2,0,H,1.68,3.69,5.54,2122
22/10/2021,Osasuna,Granada,1,1,D,1.78,3.52,5.01,2122
23/10/2021,Valencia,Mallorca,2,2,D,1.69,3.84,5.17,2122
23/10/2021,Cadiz,Alaves,0,2,A,2.59,2.96,3.13,2122
23/10/2021,Elche,Espanol,2,2,D,2.73,3,2.87,2122
23/10/2021,Ath Bilbao,Villarreal,2,1,H,2.48,3.17,3.04,2122
24/10/2021,Sevilla,Levante,5,3,H,1.45,4.43,7.38,2122
24/10/2021,Barcelona,Real Madrid,1,2,A,2.7,3.67,2.48,2122
24/10/2021,Betis,Vallecano,3,2,H,1.8,3.77,4.35,2122
24/10/2021,Ath Madrid,Sociedad,2,2,D,1.65,3.77,5.67,2122
25/10/2021,Getafe,Celta,0,3,A,2.65,2.94,3.03,2122
26/10/2021,Alaves,Elche,1,0,H,2.35,2.99,3.49,2122
26/10/2021,Espanol,Ath Bilbao,1,1,D,2.93,3.01,2.69,2122
26/10/2021,Villarreal,Cadiz,3,3,D,1.32,5.34,10.03,2122
27/10/2021,Mallorca,Sevilla,1,1,D,5.09,3.33,1.81,2122
27/10/2021,Vallecano,Barcelona,1,0,H,4.32,3.78,1.81,2122
27/10/2021,Betis,Valencia,4,1,H,1.87,3.57,4.29,2122
27/10/2021,Real Madrid,Osasuna,0,0,D,1.33,5.49,8.71,2122
28/10/2021,Celta,Sociedad,0,2,A,2.8,3.35,2.54,2122
28/10/2021,Granada,Getafe,1,1,D,2.61,2.85,3.16,2122
28/10/2021,Levante,Ath Madrid,2,2,D,5.55,3.62,1.68,2122
30/10/2021,Elche,Real Madrid,1,2,A,7.34,4.56,1.45,2122
30/10/2021,Sevilla,Osasuna,2,0,H,1.53,4.14,6.64,2122
30/10/2021,Valencia,Villarreal,2,0,H,2.95,3.44,2.39,2122
30/10/2021,Barcelona,Alaves,1,1,D,1.3,5.69,9.98,2122
31/10/2021,Cadiz,Mallorca,1,1,D,2.56,2.97,3.1,2122
31/10/2021,Ath Madrid,Betis,3,0,H,1.58,3.98,6.02,2122
31/10/2021,Getafe,Espanol,2,1,H,2.37,3.06,3.31,2122
31/10/2021,Sociedad,Ath Bilbao,1,1,D,2.14,3.17,3.76,2122
01/11/2021,Vallecano,Celta,0,0,D,2.38,3.33,3.03,2122
01/11/2021,Levante,Granada,0,3,A,2.01,3.44,3.85,2122
05/11/2021,Ath Bilbao,Cadiz,0,1,A,1.37,4.81,9.42,2122
06/11/2021,Espanol,Granada,2,0,H,1.88,3.42,4.52,2122
06/11/2021,Celta,Barcelona,3,3,D,3.33,3.6,2.15,2122
06/11/2021,Alaves,Levante,2,1,H,2.49,3.07,3.15,2122
06/11/2021,Real Madrid,Vallecano,2,1,H,1.38,5.29,7.68,2122
07/11/2021,Villarreal,Getafe,1,0,H,1.53,4.09,6.88,2122
07/11/2021,Valencia,Ath Madrid,3,3,D,4.38,3.27,1.96,2122
07/11/2021,Mallorca,Elche,2,2,D,2.06,3.1,4.19,2122
07/11/2021,Osasuna,Sociedad,0,2,A,3.1,3.3,2.36,2122
07/11/2021,Betis,Sevilla,0,2,A,2.94,3.28,2.49,2122
19/11/2021,Levante,Ath Bilbao,0,0,D,3.49,3.25,2.23,2122
20/11/2021,Celta,Villarreal,1,1,D,2.81,3.31,2.59,2122
20/11/2021,Sevilla,Alaves,2,2,D,1.42,4.46,8.44,2122
20/11/2021,Ath Madrid,Osasuna,1,0,H,1.41,4.49,8.7,2122
20/11/2021,Barcelona,Espanol,1,0,H,1.37,5.08,8.42,2122
21/11/2021,Getafe,Cadiz,4,0,H,2,3.14,4.39,2122
21/11/2021,Granada,Real Madrid,1,4,A,6.97,4.5,1.47,2122
21/11/2021,Elche,Betis,0,3,A,3.53,3.34,2.16,2122
21/11/2021,Sociedad,Valencia,0,0,D,1.73,3.86,4.76,2122
22/11/2021,Vallecano,Mallorca,3,1,H,1.83,3.49,4.67,2122
26/11/2021,Ath Bilbao,Granada,2,2,D,1.4,4.6,8.89,2122
27/11/2021,Alaves,Celta,1,2,A,2.97,3.15,2.56,2122
27/11/2021,Valencia,Vallecano,1,1,D,2.02,3.39,3.91,2122
27/11/2021,Mallorca,Getafe,0,0,D,2.31,2.94,3.65,2122
27/11/2021,Villarreal,Barcelona,1,3,A,2.71,3.45,2.59,2122
28/11/2021,Betis,Levante,3,1,H,1.67,4.15,4.79,2122
28/11/2021,Espanol,Sociedad,1,0,H,3.18,3.25,2.33,2122
28/11/2021,Cadiz,Ath Madrid,1,4,A,7.58,3.98,1.5,2122
28/11/2021,Real Madrid,Sevilla,2,1,H,1.68,4,4.89,2122
29/11/2021,Osasuna,Elche,1,1,D,1.85,3.42,4.59,2122
01/12/2021,Real Madrid,Ath Bilbao,1,0,H,1.44,4.58,7.11,2122
03/12/2021,Granada,Alaves,2,1,H,2.48,3.06,3.2,2122
04/12/2021,Sevilla,Villarreal,1,0,H,2.01,3.41,3.96,2122
04/12/2021,Barcelona,Betis,0,1,A,1.5,4.71,6.11,2122
04/12/2021,Ath Madrid,Mallorca,1,2,A,1.33,5.13,10.59,2122
04/12/2021,Sociedad,Real Madrid,0,2,A,3.27,3.46,2.23,2122
05/12/2021,Vallecano,Espanol,1,0,H,2.15,3.25,3.66,2122
05/12/2021,Elche,Cadiz,3,1,H,2.03,3.2,4.15,2122
05/12/2021,Levante,Osasuna,0,0,D,2.49,3.24,2.98,2122
05/12/2021,Celta,Valencia,1,2,A,2.11,3.38,3.61,2122
06/12/2021,Getafe,Ath Bilbao,0,0,D,3.45,3.03,2.34,2122
10/12/2021,Mallorca,Celta,0,0,D,2.56,2.98,3.14,2122
11/12/2021,Espanol,Levante,4,3,H,2.06,3.36,3.85,2122
11/12/2021,Alaves,Getafe,1,1,D,2.53,2.91,3.28,2122
11/12/2021,Valencia,Elche,2,1,H,1.78,3.55,4.99,2122
11/12/2021,Ath Bilbao,Sevilla,0,1,A,2.54,3.06,3.1,2122
12/12/2021,Villarreal,Vallecano,2,0,H,1.78,3.77,4.57,2122
12/12/2021,Osasuna,Barcelona,2,2,D,3.91,3.52,1.98,2122
12/12/2021,Betis,Sociedad,4,0,H,2.31,3.31,3.21,2122
12/12/2021,Real Madrid,Ath Madrid,2,0,H,2.1,3.5,3.55,2122
13/12/2021,Cadiz,Granada,1,1,D,2.58,3.11,2.96,2122
17/12/2021,Celta,Espanol,3,1,H,1.99,3.4,4.04,2122
18/12/2021,Vallecano,Alaves,2,0,H,1.8,3.55,4.84,2122
18/12/2021,Sociedad,Villarreal,1,3,A,2.23,3.27,3.47,2122
18/12/2021,Barcelona,Elche,3,2,H,1.35,5.21,9.13,2122
18/12/2021,Sevilla,Ath Madrid,2,1,H,2.79,3,2.84,2122
19/12/2021,Granada,Mallorca,4,1,H,2.51,3.09,3.1,2122
19/12/2021,Ath Bilbao,Betis,3,2,H,2.25,3.27,3.39,2122
19/12/2021,Getafe,Osasuna,1,0,H,2.47,2.93,3.35,2122
19/12/2021,Real Madrid,Cadiz,0,0,D,1.24,6.51,11.43,2122
20/12/2021,Levante,Valencia,3,4,A,2.69,3.27,2.71,2122
21/12/2021,Villarreal,Alaves,5,2,H,1.37,5.05,8.68,2122
21/12/2021,Sevilla,Barcelona,1,1,D,2.55,3.23,2.95,2122
22/12/2021,Granada,Ath Madrid,2,1,H,6.28,3.77,1.61,2122
22/12/2021,Ath Bilbao,Real Madrid,1,2,A,3.37,3.49,2.17,2122
31/12/2021,Valencia,Espanol,1,2,A,1.81,3.76,4.46,2122
02/01/2022,Getafe,Real Madrid,1,0,H,5.52,3.72,1.67,2122
02/01/2022,Ath Madrid,Vallecano,2,0,H,1.36,4.8,9.85,2122
02/01/2022,Elche,Granada,0,0,D,2.51,3.11,3.05,2122
02/01/2022,Alaves,Sociedad,1,1,D,3.42,3.14,2.28,2122
02/01/2022,Betis,Celta,0,2,A,1.77,3.79,4.58,2122
02/01/2022,Mallorca,Barcelona,0,1,A,3.59,3.33,2.14,2122
03/01/2022,Villarreal,Levante,5,0,H,1.43,4.83,7.09,2122
03/01/2022,Osasuna,Ath Bilbao,1,3,A,3.1,3,2.55,2122
03/01/2022,Cadiz,Sevilla,0,1,A,4.89,3.37,1.83,2122
08/01/2022,Levante,Mallorca,2,0,H,2.19,3.34,3.44,2122
08/01/2022,Sociedad,Celta,1,0,H,1.88,3.45,4.44,2122
08/01/2022,Granada,Barcelona,1,1,D,4.55,3.79,1.77,2122
08/01/2022,Real Madrid,Valencia,4,1,H,1.36,5.2,8.61,2122
09/01/2022,Vallecano,Betis,1,1,D,2.52,3.46,2.76,2122
09/01/2022,Sevilla,Getafe,1,0,H,1.59,3.66,7.02,2122
09/01/2022,Alaves,Ath Bilbao,0,0,D,3.88,3.33,2.03,2122
09/01/2022,Osasuna,Cadiz,2,0,H,1.77,3.36,5.5,2122
09/01/2022,Villarreal,Ath Madrid,2,2,D,2.81,3.23,2.63,2122
10/01/2022,Espanol,Elche,1,2,A,1.87,3.43,4.5,2122
16/01/2022,Elche,Villarreal,1,0,H,4.66,3.72,1.78,2122
18/01/2022,Betis,Alaves,4,0,H,1.49,4.38,6.82,2122
18/01/2022,Cadiz,Espanol,2,2,D,3.24,3.09,2.42,2122
19/01/2022,Celta,Osasuna,2,0,H,1.89,3.41,4.45,2122
19/01/2022,Valencia,Sevilla,1,1,D,3.23,3.17,2.38,2122
20/01/2022,Getafe,Granada,4,2,H,2.13,3.1,3.9,2122
21/01/2022,Espanol,Betis,1,4,A,3.18,3.33,2.33,2122
22/01/2022,Levante,Cadiz,0,2,A,1.77,3.68,4.74,2122
22/01/2022,Villarreal,Mallorca,3,0,H,1.4,4.73,8.05,2122
22/01/2022,Sevilla,Celta,2,2,D,1.77,3.59,4.95,2122
22/01/2022,Ath Madrid,Valencia,3,2,H,1.47,4.27,7.5,2122
23/01/2022,Granada,Osasuna,0,2,A,2.54,3.14,2.98,2122
23/01/2022,Real Madrid,Elche,2,2,D,1.16,7.79,18.27,2122
23/01/2022,Sociedad,Getafe,0,0,D,1.66,3.5,6.33,2122
23/01/2022,Vallecano,Ath Bilbao,0,1,A,2.84,2.88,2.86,2122
23/01/2022,Alaves,Barcelona,0,1,A,5.83,4.25,1.56,2122
04/02/2022,Getafe,Levante,3,0,H,2.02,3.14,4.39,2122
05/02/2022,Elche,Alaves,3,1,H,2.43,3.09,3.25,2122
05/02/2022,Mallorca,Cadiz,2,1,H,1.83,3.39,4.93,2122
05/02/2022,Celta,Vallecano,2,0,H,1.97,3.36,4.16,2122
05/02/2022,Osasuna,Sevilla,0,0,D,3.51,3.15,2.26,2122
06/02/2022,Valencia,Sociedad,0,0,D,2.86,3.27,2.57,2122
06/02/2022,Barcelona,Ath Madrid,4,2,H,2.32,3.37,3.17,2122
06/02/2022,Betis,Villarreal,0,2,A,2.39,3.57,2.87,2122
06/02/2022,Real Madrid,Granada,1,0,H,1.25,6.26,11.55,2122
07/02/2022,Ath Bilbao,Espanol,2,1,H,1.62,3.83,5.8,2122
11/02/2022,Sevilla,Elche,2,0,H,1.45,4.25,8.47,2122
12/02/2022,Cadiz,Celta,0,0,D,3.88,3.33,2.06,2122
12/02/2022,Villarreal,Real Madrid,0,0,D,2.57,3.51,2.71,2122
12/02/2022,Vallecano,Osasuna,0,3,A,2.2,3.17,3.64,2122
12/02/2022,Ath Madrid,Getafe,4,3,H,1.44,4.22,8.85,2122
13/02/2022,Alaves,Valencia,2,1,H,2.87,3.26,2.56,2122
13/02/2022,Levante,Betis,2,4,A,3.38,3.74,2.08,2122
13/02/2022,Sociedad,Granada,2,0,H,1.41,4.61,8.32,2122
13/02/2022,Espanol,Barcelona,2,2,D,4.62,3.92,1.75,2122
14/02/2022,Mallorca,Ath Bilbao,3,2,H,3.37,3.12,2.33,2122
16/02/2022,Ath Madrid,Levante,0,1,A,1.33,5.15,10.11,2122
18/02/2022,Elche,Vallecano,2,1,H,3.1,2.9,2.68,2122
19/02/2022,Granada,Villarreal,1,4,A,4.08,3.49,1.96,2122
19/02/2022,Osasuna,Ath Madrid,0,3,A,3.74,3.3,2.11,2122
19/02/2022,Cadiz,Getafe,1,1,D,3.19,2.94,2.56,2122
19/02/2022,Real Madrid,Alaves,3,0,H,1.22,6.55,14.19,2122
20/02/2022,Espanol,Sevilla,1,1,D,3.52,3.25,2.22,2122
20/02/2022,Valencia,Barcelona,1,4,A,3.66,3.69,2,2122
20/02/2022,Betis,Mallorca,2,1,H,1.58,4.12,5.97,2122
20/02/2022,Ath Bilbao,Sociedad,4,0,H,2.47,2.93,3.36,2122
21/02/2022,Celta,Levante,1,1,D,1.63,4.11,5.33,2122
25/02/2022,Levante,Elche,3,0,H,2.08,3.32,3.87,2122
26/02/2022,Mallorca,Valencia,0,1,A,2.47,3.17,3.11,2122
26/02/2022,Getafe,Alaves,2,2,D,1.95,3.11,4.76,2122
26/02/2022,Vallecano,Real Madrid,0,1,A,5.07,4.05,1.67,2122
26/02/2022,Ath Madrid,Celta,2,0,H,1.63,3.87,5.83,2122
27/02/2022,Villarreal,Espanol,5,1,H,1.49,4.4,6.91,2122
27/02/2022,Sevilla,Betis,2,1,H,2.22,3.2,3.58,2122
27/02/2022,Sociedad,Osasuna,1,0,H,1.89,3.33,4.69,2122
27/02/2022,Barcelona,Ath Bilbao,4,0,H,1.59,4.12,5.87,2122
28/02/2022,Granada,Cadiz,0,0,D,2.01,3.33,4.04,2122
02/03/2022,Mallorca,Sociedad,0,2,A,3.47,3.21,2.25,2122
04/03/2022,Alaves,Sevilla,0,0,D,4.48,3.13,2.01,2122
05/03/2022,Osasuna,Villarreal,1,0,H,3.65,3.41,2.11,2122
05/03/2022,Espanol,Getafe,2,0,H,2.24,3.09,3.66,2122
05/03/2022,Valencia,Granada,3,1,H,1.79,3.69,4.61,2122
05/03/2022,Real Madrid,Sociedad,4,1,H,1.62,4.13,5.42,2122
06/03/2022,Cadiz,Vallecano,2,0,H,2.81,3.03,2.79,2122
06/03/2022,Elche,Barcelona,1,2,A,7.64,4.73,1.42,2122
06/03/2022,Celta,Mallorca,4,3,H,1.77,3.49,5.15,2122
06/03/2022,Betis,Ath Madrid,1,3,A,3.08,3.29,2.4,2122
07/03/2022,Ath Bilbao,Levante,3,1,H,1.56,4.15,6.04,2122
11/03/2022,Ath Madrid,Cadiz,2,1,H,1.39,4.6,10.05,2122
12/03/2022,Levante,Espanol,1,1,D,2.31,3.45,3.13,2122
12/03/2022,Granada,Elche,0,1,A,2.29,3.2,3.38,2122
12/03/2022,Villarreal,Celta,1,0,H,1.67,4.1,5.02,2122
12/03/2022,Getafe,Valencia,0,0,D,2.37,3.14,3.3,2122
13/03/2022,Vallecano,Sevilla,1,1,D,3.34,3.17,2.33,2122
13/03/2022,Betis,Ath Bilbao,1,0,H,2.37,3.28,3.17,2122
13/03/2022,Sociedad,Alaves,1,0,H,1.51,4.18,6.98,2122
13/03/2022,Barcelona,Osasuna,4,0,H,1.34,5.2,9.51,2122
14/03/2022,Mallorca,Real Madrid,0,3,A,5.78,4.28,1.56,2122
18/03/2022,Ath Bilbao,Getafe,1,1,D,1.76,3.28,6,2122
19/03/2022,Alaves,Granada,2,3,A,2.06,3.31,3.92,2122
19/03/2022,Elche,Valencia,0,1,A,2.72,3.18,2.77,2122
19/03/2022,Osasuna,Levante,3,1,H,1.92,3.51,4.23,2122
19/03/2022,Vallecano,Ath Madrid,0,1,A,3.94,3.31,2.05,2122
20/03/2022,Espanol,Mallorca,1,0,H,2.1,3.43,3.63,2122
20/03/2022,Cadiz,Villarreal,1,0,H,4.7,3.6,1.81,2122
20/03/2022,Celta,Betis,0,0,D,2.23,3.41,3.3,2122
20/03/2022,Sevilla,Sociedad,0,0,D,2.11,3.25,3.87,2122
20/03/2022,Real Madrid,Barcelona,0,4,A,2.15,3.66,3.29,2122
02/04/2022,Getafe,Mallorca,1,0,H,2.18,3.03,3.98,2122
02/04/2022,Levante,Villarreal,2,0,H,3.7,3.73,1.98,2122
02/04/2022,Celta,Real Madrid,1,2,A,4.05,3.67,1.92,2122
02/04/2022,Ath Madrid,Alaves,4,1,H,1.37,4.76,9.77,2122
03/04/2022,Ath Bilbao,Elche,2,1,H,1.48,4.35,7.38,2122
03/04/2022,Betis,Osasuna,4,1,H,1.98,3.44,4.05,2122
03/04/2022,Granada,Vallecano,2,2,D,2.63,3.16,2.89,2122
03/04/2022,Valencia,Cadiz,0,0,D,1.9,3.36,4.59,2122
03/04/2022,Barcelona,Sevilla,1,0,H,1.48,4.5,7.02,2122
04/04/2022,Sociedad,Espanol,1,0,H,1.61,4.04,5.83,2122
08/04/2022,Sevilla,Granada,4,2,H,1.48,4.26,7.74,2122
09/04/2022,Cadiz,Betis,1,2,A,3.38,3.23,2.29,2122
09/04/2022,Mallorca,Ath Madrid,1,0,H,4.33,3.35,1.95,2122
09/04/2022,Villarreal,Ath Bilbao,1,1,D,2.33,3.35,3.2,2122
09/04/2022,Real Madrid,Getafe,2,0,H,1.41,4.57,8.73,2122
10/04/2022,Osasuna,Alaves,1,0,H,1.97,3.32,4.34,2122
10/04/2022,Espanol,Celta,1,0,H,2.81,3.14,2.73,2122
10/04/2022,Elche,Sociedad,1,2,A,3.86,3.44,2.03,2122
10/04/2022,Levante,Barcelona,2,3,A,6.6,4.97,1.45,2122
11/04/2022,Vallecano,Valencia,1,1,D,2.25,3.27,3.4,2122
15/04/2022,Sociedad,Betis,0,0,D,2.14,3.48,3.48,2122
16/04/2022,Elche,Mallorca,3,0,H,2.68,3.05,2.92,2122
16/04/2022,Alaves,Vallecano,1,0,H,2.71,3.13,2.81,2122
16/04/2022,Valencia,Osasuna,1,2,A,2.15,3.25,3.7,2122
16/04/2022,Getafe,Villarreal,1,2,A,3.1,3.11,2.51,2122
17/04/2022,Granada,Levante,1,4,A,2.36,3.55,2.96,2122
17/04/2022,Ath Madrid,Espanol,2,1,H,1.43,4.5,8.03,2122
17/04/2022,Ath Bilbao,Celta,0,2,A,1.83,3.57,4.59,2122
17/04/2022,Sevilla,Real Madrid,2,3,A,2.97,3.35,2.44,2122
18/04/2022,Barcelona,Cadiz,0,1,A,1.22,6.63,13.92,2122
19/04/2022,Mallorca,Alaves,2,1,H,2,3.24,4.34,2122
19/04/2022,Betis,Elche,0,1,A,1.55,4.24,6.36,2122
19/04/2022,Villarreal,Valencia,2,0,H,1.46,4.69,7.11,2122
20/04/2022,Ath Madrid,Granada,0,0,D,1.3,5.43,10.75,2122
20/04/2022,Celta,Getafe,0,2,A,2.21,3.07,3.77,2122
20/04/2022,Osasuna,Real Madrid,1,3,A,5.31,3.84,1.68,2122
21/04/2022,Espanol,Vallecano,0,1,A,2.46,3.16,3.12,2122
21/04/2022,Levante,Sevilla,2,3,A,3.5,3.48,2.13,2122
21/04/2022,Cadiz,Ath Bilbao,2,3,A,3.44,3.13,2.3,2122
21/04/2022,Sociedad,Barcelona,0,1,A,3.38,3.61,2.14,2122
24/04/2022,Barcelona,Vallecano,0,1,A,1.3,5.66,10.03,2122
29/04/2022,Sevilla,Cadiz,1,1,D,1.65,3.71,6.11,2122
30/04/2022,Alaves,Villarreal,2,1,H,3.47,3.41,2.16,2122
30/04/2022,Real Madrid,Espanol,4,0,H,1.51,4.45,6.53,2122
30/04/2022,Valencia,Levante,1,1,D,2.28,3.51,3.11,2122
30/04/2022,Ath Bilbao,Ath Madrid,2,0,H,3.03,3.08,2.57,2122
01/05/2022,Elche,Osasuna,1,1,D,2.82,3.18,2.68,2122
01/05/2022,Granada,Celta,1,1,D,2.82,3.25,2.63,2122
01/05/2022,Vallecano,Sociedad,1,1,D,3.21,3.19,2.38,2122
01/05/2022,Barcelona,Mallorca,2,1,H,1.32,5.6,9.33,2122
02/05/2022,Getafe,Betis,0,0,D,2.78,3.13,2.73,2122
06/05/2022,Levante,Sociedad,2,1,H,3.4,3.52,2.16,2122
07/05/2022,Mallorca,Granada,2,6,A,2.02,3.39,3.99,2122
07/05/2022,Ath Bilbao,Valencia,0,0,D,1.56,4.11,6.23,2122
07/05/2022,Cadiz,Elche,3,0,H,1.75,3.66,5.03,2122
07/05/2022,Celta,Alaves,4,0,H,1.91,3.43,4.38,2122
07/05/2022,Betis,Barcelona,1,2,A,3.09,3.76,2.21,2122
08/05/2022,Getafe,Vallecano,0,0,D,2.11,3.07,4.13,2122
08/05/2022,Villarreal,Sevilla,1,1,D,2.35,3.31,3.16,2122
08/05/2022,Espanol,Osasuna,1,1,D,2.36,3.29,3.17,2122
08/05/2022,Ath Madrid,Real Madrid,1,0,H,2.09,3.54,3.56,2122
10/05/2022,Valencia,Betis,0,3,A,3.23,3.39,2.3,2122
10/05/2022,Granada,Ath Bilbao,1,0,H,3.29,3.39,2.28,2122
10/05/2022,Barcelona,Celta,3,1,H,1.44,5.01,6.89,2122
11/05/2022,Alaves,Espanol,2,1,H,2.15,3.49,3.45,2122
11/05/2022,Osasuna,Getafe,1,1,D,2.66,2.96,3.05,2122
11/05/2022,Sevilla,Mallorca,0,0,D,1.62,3.9,5.9,2122
11/05/2022,Elche,Ath Madrid,0,2,A,5.69,3.74,1.67,2122
12/05/2022,Sociedad,Cadiz,3,0,H,1.67,3.7,5.69,2122
12/05/2022,Vallecano,Villarreal,1,5,A,4.44,3.75,1.81,2122
12/05/2022,Real Madrid,Levante,6,0,H,1.5,4.94,5.67,2122
14/05/2022,Espanol,Valencia,1,1,D,2.55,3.34,2.84,2122
15/05/2022,Ath Bilbao,Osasuna,2,0,H,1.55,4.18,6.23,2122
15/05/2022,Ath Madrid,Sevilla,1,1,D,2.32,2.99,3.57,2122
15/05/2022,Betis,Granada,2,0,H,1.51,4.41,6.5,2122
15/05/2022,Cadiz,Real Madrid,1,1,D,3.3,3.39,2.24,2122
15/05/2022,Celta,Elche,1,0,H,1.65,3.9,5.56,2122
15/05/2022,Getafe,Barcelona,0,0,D,3.6,3.29,2.17,2122
15/05/2022,Levante,Alaves,3,1,H,2.99,3.67,2.28,2122
15/05/2022,Mallorca,Vallecano,2,1,H,1.62,3.82,6.04,2122
15/05/2022,Villarreal,Sociedad,1,2,A,2.16,3.63,3.29,2122
20/05/2022,Real Madrid,Betis,0,0,D,1.69,4.43,4.47,2122
20/05/2022,Vallecano,Levante,2,4,A,1.89,3.97,3.85,2122
21/05/2022,Valencia,Celta,2,0,H,2.77,3.31,2.63,2122
22/05/2022,Elche,Getafe,3,1,H,3.12,2.92,2.63,2122
22/05/2022,Alaves,Cadiz,0,1,A,4.2,3.71,1.87,2122
22/05/2022,Granada,Espanol,0,0,D,1.45,4.66,7.08,2122
22/05/2022,Osasuna,Mallorca,0,2,A,3.39,3.38,2.2,2122
22/05/2022,Barcelona,Villarreal,0,2,A,2.12,3.94,3.15,2122
22/05/2022,Sevilla,Ath Bilbao,1,0,H,2.52,3.29,2.91,2122
22/05/2022,Sociedad,Ath Madrid,1,2,A,2.69,3.27,2.75,2122
12/09/2020,Eibar,Celta,0,0,D,2.53,3.16,2.97,2021
12/09/2020,Granada,Ath Bilbao,2,0,H,2.82,3,2.75,2021
12/09/2020,Cadiz,Osasuna,0,2,A,2.8,2.95,2.82,2021
13/09/2020,Alaves,Betis,0,1,A,2.83,3.21,2.59,2021
13/09/2020,Valladolid,Sociedad,1,1,D,2.88,3.2,2.55,2021
13/09/2020,Villarreal,Huesca,1,1,D,1.57,4.1,5.92,2021
13/09/2020,Valencia,Levante,4,2,H,2.1,3.46,3.53,2021
19/09/2020,Villarreal,Eibar,2,1,H,1.6,4.05,5.72,2021
19/09/2020,Getafe,Osasuna,1,0,H,1.99,3.18,4.36,2021
19/09/2020,Celta,Valencia,2,1,H,2.24,3.5,3.17,2021
20/09/2020,Huesca,Cadiz,0,2,A,2.17,3.01,3.92,2021
20/09/2020,Betis,Valladolid,2,0,H,1.87,3.52,4.38,2021
20/09/2020,Granada,Alaves,2,1,H,2.08,3.07,4.17,2021
20/09/2020,Sociedad,Real Madrid,0,0,D,4.65,3.8,1.76,2021
26/09/2020,Alaves,Getafe,0,0,D,3.49,2.82,2.45,2021
26/09/2020,Valencia,Huesca,1,1,D,2.05,3.36,3.79,2021
26/09/2020,Elche,Sociedad,0,3,A,4.2,3.31,1.96,2021
26/09/2020,Betis,Real Madrid,2,3,A,4.16,3.8,1.84,2021
27/09/2020,Osasuna,Levante,1,3,A,2.29,3.34,3.19,2021
27/09/2020,Eibar,Ath Bilbao,1,2,A,3.04,2.94,2.63,2021
27/09/2020,Ath Madrid,Granada,6,1,H,1.5,4,7.49,2021
27/09/2020,Cadiz,Sevilla,1,3,A,5.24,3.36,1.78,2021
27/09/2020,Valladolid,Celta,1,1,D,2.9,2.89,2.77,2021
27/09/2020,Barcelona,Villarreal,4,0,H,1.54,4.49,5.73,2021
29/09/2020,Sociedad,Valencia,0,1,A,1.56,4.29,5.86,2021
29/09/2020,Getafe,Betis,3,0,H,2.51,3.07,3.11,2021
30/09/2020,Huesca,Ath Madrid,0,0,D,8.01,4.05,1.48,2021
30/09/2020,Villarreal,Alaves,3,1,H,1.61,3.9,5.84,2021
30/09/2020,Eibar,Elche,0,1,A,1.83,3.5,4.63,2021
30/09/2020,Real Madrid,Valladolid,1,0,H,1.26,6.04,11.55,2021
01/10/2020,Ath Bilbao,Cadiz,0,1,A,1.57,3.73,6.82,2021
01/10/2020,Sevilla,Levante,1,0,H,1.44,4.59,7.25,2021
01/10/2020,Celta,Barcelona,0,3,A,5.76,4.4,1.55,2021
03/10/2020,Valladolid,Eibar,1,2,A,2.37,3.07,3.33,2021
03/10/2020,Ath Madrid,Villarreal,0,0,D,1.68,3.75,5.39,2021
03/10/2020,Elche,Huesca,0,0,D,3.11,3.13,2.44,2021
03/10/2020,Sociedad,Getafe,3,0,H,2.31,3.06,3.44,2021
03/10/2020,Valencia,Betis,0,2,A,2.75,3.26,2.64,2021
04/10/2020,Osasuna,Celta,2,0,H,2.66,3.08,2.88,2021
04/10/2020,Alaves,Ath Bilbao,1,0,H,3.35,2.95,2.43,2021
04/10/2020,Levante,Real Madrid,0,2,A,6,4.57,1.51,2021
04/10/2020,Cadiz,Granada,1,1,D,3,2.96,2.64,2021
04/10/2020,Barcelona,Sevilla,1,1,D,1.62,4.22,5.18,2021
17/10/2020,Granada,Sevilla,1,0,H,4.23,3.4,1.94,2021
17/10/2020,Celta,Ath Madrid,0,2,A,5.34,3.35,1.78,2021
17/10/2020,Real Madrid,Cadiz,0,1,A,1.22,6.64,13.22,2021
17/10/2020,Getafe,Barcelona,1,0,H,4.88,3.7,1.75,2021
18/10/2020,Eibar,Osasuna,0,0,D,2.62,3.03,2.98,2021
18/10/2020,Ath Bilbao,Levante,2,0,H,2.07,3.29,3.82,2021
18/10/2020,Villarreal,Valencia,2,1,H,1.65,4.03,5.04,2021
18/10/2020,Alaves,Elche,0,2,A,1.77,3.36,5.29,2021
18/10/2020,Huesca,Valladolid,2,2,D,2.25,2.99,3.69,2021
18/10/2020,Betis,Sociedad,0,3,A,2.47,3.44,2.83,2021
23/10/2020,Elche,Valencia,2,1,H,3.17,3.18,2.4,2021
24/10/2020,Barcelona,Real Madrid,1,3,A,2.03,3.66,3.55,2021
24/10/2020,Osasuna,Ath Bilbao,1,0,H,3.28,2.95,2.47,2021
24/10/2020,Sevilla,Eibar,0,1,A,1.48,4.26,7.31,2021
24/10/2020,Ath Madrid,Betis,2,0,H,1.58,3.98,6.18,2021
25/10/2020,Valladolid,Alaves,0,2,A,2.35,2.89,3.6,2021
25/10/2020,Cadiz,Villarreal,0,0,D,3.6,3.24,2.16,2021
25/10/2020,Getafe,Granada,0,1,A,1.92,3.04,4.95,2021
25/10/2020,Sociedad,Huesca,4,1,H,1.63,3.76,5.96,2021
26/10/2020,Levante,Celta,1,1,D,2.45,3.31,2.94,2021
30/10/2020,Eibar,Cadiz,0,2,A,2.6,2.8,3.32,2021
31/10/2020,Real Madrid,Huesca,4,1,H,1.38,5.09,8.01,2021
31/10/2020,Ath Bilbao,Sevilla,2,1,H,3.05,2.95,2.64,2021
31/10/2020,Osasuna,Ath Madrid,1,3,A,5.14,3.37,1.8,2021
31/10/2020,Alaves,Barcelona,1,1,D,6.73,4.71,1.46,2021
01/11/2020,Betis,Elche,3,1,H,1.47,4.32,7.24,2021
01/11/2020,Celta,Sociedad,1,4,A,3.03,3.23,2.45,2021
01/11/2020,Granada,Levante,1,1,D,2.25,3.25,3.37,2021
01/11/2020,Valencia,Getafe,2,2,D,3.26,2.95,2.48,2021
02/11/2020,Villarreal,Valladolid,2,0,H,1.61,3.95,5.81,2021
06/11/2020,Elche,Celta,1,1,D,3.97,3.32,2.04,2021
07/11/2020,Huesca,Eibar,1,1,D,2.15,3.16,3.76,2021
07/11/2020,Barcelona,Betis,5,2,H,1.4,5.12,7.35,2021
07/11/2020,Sevilla,Osasuna,1,0,H,1.55,4.02,6.6,2021
07/11/2020,Ath Madrid,Cadiz,4,0,H,1.43,4.12,9.68,2021
08/11/2020,Getafe,Villarreal,1,3,A,2.58,3.05,3.01,2021
08/11/2020,Sociedad,Granada,2,0,H,1.68,3.87,5.12,2021
08/11/2020,Levante,Alaves,1,1,D,2.2,3.35,3.39,2021
08/11/2020,Valladolid,Ath Bilbao,2,1,H,3.43,2.93,2.4,2021
08/11/2020,Valencia,Real Madrid,4,1,H,6.2,4.71,1.48,2021
20/11/2020,Osasuna,Huesca,1,1,D,2.41,3.06,3.3,2021
21/11/2020,Levante,Elche,1,1,D,1.6,4.19,5.47,2021
21/11/2020,Villarreal,Real Madrid,1,1,D,2.92,3.76,2.29,2021
21/11/2020,Sevilla,Celta,4,2,H,1.72,3.6,5.3,2021
21/11/2020,Ath Madrid,Barcelona,1,0,H,2.84,3.48,2.46,2021
22/11/2020,Eibar,Getafe,0,0,D,3.4,2.97,2.4,2021
22/11/2020,Cadiz,Sociedad,0,1,A,4.39,3.64,1.84,2021
22/11/2020,Granada,Valladolid,1,3,A,2.14,3.11,3.82,2021
22/11/2020,Alaves,Valencia,2,2,D,2.67,3.14,2.8,2021
23/11/2020,Ath Bilbao,Betis,4,0,H,2.2,3.32,3.42,2021
27/11/2020,Valladolid,Levante,1,1,D,2.56,3.29,2.86,2021
28/11/2020,Elche,Cadiz,1,1,D,3.21,2.98,2.49,2021
28/11/2020,Valencia,Ath Madrid,0,1,A,4.86,3.74,1.74,2021
28/11/2020,Huesca,Sevilla,0,1,A,4.09,3.31,1.99,2021
28/11/2020,Real Madrid,Alaves,1,2,A,1.35,5.3,8.65,2021
29/11/2020,Barcelona,Osasuna,4,0,H,1.26,6.25,10.74,2021
29/11/2020,Getafe,Ath Bilbao,1,1,D,2.77,2.91,2.9,2021
29/11/2020,Celta,Granada,3,1,H,2,3.44,3.87,2021
29/11/2020,Sociedad,Villarreal,1,1,D,2.12,3.56,3.38,2021
30/11/2020,Betis,Eibar,0,2,A,1.79,3.68,4.57,2021
04/12/2020,Ath Bilbao,Celta,0,2,A,2.08,3.3,3.84,2021
05/12/2020,Levante,Getafe,3,0,H,2.92,3.1,2.61,2021
05/12/2020,Sevilla,Real Madrid,0,1,A,2.55,3.52,2.7,2021
05/12/2020,Ath Madrid,Valladolid,2,0,H,1.39,4.51,9.42,2021
05/12/2020,Cadiz,Barcelona,2,1,H,8.1,5.19,1.36,2021
06/12/2020,Granada,Huesca,3,3,D,2.45,3.09,3.16,2021
06/12/2020,Osasuna,Betis,0,2,A,2.71,3.27,2.67,2021
06/12/2020,Villarreal,Elche,0,0,D,1.34,5.27,8.96,2021
06/12/2020,Alaves,Sociedad,0,0,D,4.67,3.41,1.85,2021
07/12/2020,Eibar,Valencia,0,0,D,2.49,3.16,3,2021
11/12/2020,Valladolid,Osasuna,3,2,H,2.55,2.99,3.12,2021
12/12/2020,Valencia,Ath Bilbao,2,2,D,3.21,3.13,2.39,2021
12/12/2020,Getafe,Sevilla,0,1,A,3.8,3.19,2.12,2021
12/12/2020,Huesca,Alaves,1,0,H,2.23,3.21,3.45,2021
12/12/2020,Real Madrid,Ath Madrid,2,0,H,2.39,3.28,3.08,2021
13/12/2020,Sociedad,Eibar,1,1,D,1.65,3.72,5.8,2021
13/12/2020,Betis,Villarreal,1,1,D,3.04,3.54,2.29,2021
13/12/2020,Elche,Granada,0,1,A,3.34,3.1,2.34,2021
13/12/2020,Barcelona,Levante,1,0,H,1.25,6.6,10.45,2021
14/12/2020,Celta,Cadiz,4,0,H,1.76,3.59,4.96,2021
15/12/2020,Real Madrid,Ath Bilbao,3,1,H,1.56,4.18,6.06,2021
16/12/2020,Barcelona,Sociedad,2,1,H,1.63,4.38,4.86,2021
18/12/2020,Ath Bilbao,Huesca,2,0,H,1.95,3.3,4.37,2021
19/12/2020,Ath Madrid,Elche,3,1,H,1.22,5.92,17.1,2021
19/12/2020,Barcelona,Valencia,2,2,D,1.31,5.86,8.76,2021
19/12/2020,Levante,Sociedad,2,1,H,3.52,3.37,2.13,2021
19/12/2020,Osasuna,Villarreal,1,3,A,3.58,3.33,2.13,2021
19/12/2020,Sevilla,Valladolid,1,1,D,1.54,3.94,7.02,2021
20/12/2020,Celta,Alaves,2,0,H,1.72,3.87,4.77,2021
20/12/2020,Granada,Betis,2,0,H,2.55,3.31,2.8,2021
20/12/2020,Cadiz,Getafe,0,2,A,3.34,2.86,2.48,2021
20/12/2020,Eibar,Real Madrid,1,3,A,6.36,4.12,1.54,2021
22/12/2020,Elche,Osasuna,2,2,D,3.33,3,2.42,2021
22/12/2020,Valencia,Sevilla,0,1,A,3.73,3.37,2.08,2021
22/12/2020,Huesca,Levante,1,1,D,2.7,3.33,2.67,2021
22/12/2020,Sociedad,Ath Madrid,0,2,A,3.28,3.14,2.37,2021
22/12/2020,Valladolid,Barcelona,0,3,A,7.45,5.04,1.4,2021
22/12/2020,Villarreal,Ath Bilbao,1,1,D,1.99,3.38,4.03,2021
23/12/2020,Getafe,Celta,1,1,D,2.77,3.11,2.72,2021
23/12/2020,Real Madrid,Granada,2,0,H,1.33,5.41,8.88,2021
23/12/2020,Alaves,Eibar,2,1,H,2.76,2.93,2.9,2021
23/12/2020,Betis,Cadiz,1,0,H,1.9,3.4,4.38,2021
29/12/2020,Sevilla,Villarreal,2,0,H,2.25,3.26,3.41,2021
29/12/2020,Barcelona,Eibar,1,1,D,1.29,5.88,10.11,2021
29/12/2020,Cadiz,Valladolid,0,0,D,2.9,2.89,2.83,2021
29/12/2020,Levante,Betis,4,3,H,2.43,3.42,2.93,2021
30/12/2020,Granada,Valencia,2,1,H,2.23,3.33,3.32,2021
30/12/2020,Ath Madrid,Getafe,1,0,H,1.46,4.12,8.28,2021
30/12/2020,Celta,Huesca,2,1,H,1.77,3.7,4.67,2021
30/12/2020,Elche,Real Madrid,1,1,D,10.49,5.83,1.28,2021
31/12/2020,Ath Bilbao,Sociedad,0,1,A,2.97,3.13,2.55,2021
31/12/2020,Osasuna,Alaves,1,1,D,2.37,3.23,3.14,2021
02/01/2021,Villarreal,Levante,2,1,H,1.64,3.92,5.49,2021
02/01/2021,Betis,Sevilla,1,1,D,3.83,3.46,2.01,2021
02/01/2021,Getafe,Valladolid,0,1,A,2.01,3.12,4.32,2021
02/01/2021,Real Madrid,Celta,2,0,H,1.49,4.75,6.12,2021
03/01/2021,Ath Bilbao,Elche,1,0,H,1.53,3.89,7.28,2021
03/01/2021,Alaves,Ath Madrid,1,2,A,6.7,3.76,1.58,2021
03/01/2021,Eibar,Granada,2,0,H,2.43,3.1,3.18,2021
03/01/2021,Sociedad,Osasuna,1,1,D,1.57,4.07,6.05,2021
03/01/2021,Huesca,Barcelona,0,1,A,6.38,4.7,1.47,2021
04/01/2021,Valencia,Cadiz,1,1,D,2.02,3.43,3.81,2021
06/01/2021,Ath Bilbao,Barcelona,2,3,A,4.33,3.75,1.82,2021
08/01/2021,Celta,Villarreal,0,4,A,3.42,3.25,2.25,2021
09/01/2021,Sevilla,Sociedad,3,2,H,2.24,3.1,3.63,2021
09/01/2021,Granada,Barcelona,0,4,A,6.75,5.06,1.42,2021
09/01/2021,Osasuna,Real Madrid,0,0,D,6.8,4.44,1.49,2021
10/01/2021,Levante,Eibar,2,1,H,2.29,3.42,3.14,2021
10/01/2021,Cadiz,Alaves,3,1,H,2.7,2.89,3.02,2021
10/01/2021,Valladolid,Valencia,0,1,A,2.44,3.21,3.08,2021
11/01/2021,Elche,Getafe,1,3,A,4.4,2.85,2.13,2021
11/01/2021,Huesca,Betis,0,2,A,2.84,3.31,2.55,2021
12/01/2021,Granada,Osasuna,2,0,H,2.32,3.06,3.48,2021
12/01/2021,Ath Madrid,Sevilla,2,0,H,1.95,3.18,4.61,2021
19/01/2021,Cadiz,Levante,2,2,D,2.99,3.09,2.59,2021
19/01/2021,Valladolid,Elche,2,2,D,1.86,3.41,4.66,2021
19/01/2021,Alaves,Sevilla,1,2,A,5.55,3.63,1.7,2021
20/01/2021,Getafe,Huesca,1,0,H,1.94,3.18,4.58,2021
20/01/2021,Betis,Celta,2,1,H,2.16,3.45,3.39,2021
20/01/2021,Villarreal,Granada,2,2,D,1.53,4.06,6.87,2021
21/01/2021,Valencia,Osasuna,1,1,D,2.06,3.42,3.67,2021
21/01/2021,Eibar,Ath Madrid,1,2,A,5.99,3.42,1.7,2021
22/01/2021,Levante,Valladolid,2,2,D,1.97,3.39,4.1,2021
23/01/2021,Huesca,Villarreal,0,0,D,4.46,3.59,1.83,2021
23/01/2021,Sevilla,Cadiz,3,0,H,1.48,4.08,7.88,2021
23/01/2021,Sociedad,Betis,2,2,D,1.85,3.75,4.17,2021
23/01/2021,Alaves,Real Madrid,1,4,A,5.79,4.17,1.57,2021
24/01/2021,Osasuna,Granada,3,1,H,2.53,3.01,3.12,2021
24/01/2021,Elche,Barcelona,0,2,A,7.89,5.24,1.37,2021
24/01/2021,Celta,Eibar,1,1,D,2.06,3.4,3.71,2021
24/01/2021,Ath Madrid,Valencia,3,1,H,1.42,4.61,8,2021
25/01/2021,Ath Bilbao,Getafe,5,1,H,2.31,3,3.56,2021
29/01/2021,Valladolid,Huesca,1,3,A,2.24,3.14,3.56,2021
30/01/2021,Eibar,Sevilla,0,2,A,4.05,3.26,2.03,2021
30/01/2021,Real Madrid,Levante,1,2,A,1.35,5.53,8,2021
30/01/2021,Valencia,Elche,1,0,H,1.66,3.73,5.73,2021
30/01/2021,Villarreal,Sociedad,1,1,D,2.41,3.14,3.22,2021
31/01/2021,Getafe,Alaves,0,0,D,1.95,3.2,4.5,2021
31/01/2021,Cadiz,Ath Madrid,2,4,A,8.73,3.93,1.48,2021
31/01/2021,Granada,Celta,0,0,D,2.74,3.24,2.67,2021
31/01/2021,Barcelona,Ath Bilbao,2,1,H,1.42,4.93,7.12,2021
01/02/2021,Betis,Osasuna,1,0,H,1.89,3.47,4.33,2021
05/02/2021,Alaves,Valladolid,1,0,H,2.6,3,3.06,2021
06/02/2021,Levante,Granada,2,2,D,2.21,3.29,3.44,2021
06/02/2021,Huesca,Real Madrid,1,2,A,6.82,4.49,1.47,2021
06/02/2021,Elche,Villarreal,2,2,D,6.46,3.87,1.57,2021
06/02/2021,Sevilla,Getafe,3,0,H,1.69,3.57,5.67,2021
07/02/2021,Sociedad,Cadiz,4,1,H,1.49,4.17,7.18,2021
07/02/2021,Ath Bilbao,Valencia,1,1,D,2.23,3.27,3.42,2021
07/02/2021,Osasuna,Eibar,2,1,H,2.61,2.98,3.04,2021
07/02/2021,Betis,Barcelona,2,3,A,5.7,4.58,1.53,2021
08/02/2021,Ath Madrid,Celta,2,2,D,1.62,3.67,6.33,2021
09/02/2021,Real Madrid,Getafe,2,0,H,1.54,4.05,6.64,2021
12/02/2021,Celta,Elche,3,1,H,1.49,4.09,7.73,2021
13/02/2021,Granada,Ath Madrid,1,2,A,5.13,3.31,1.82,2021
13/02/2021,Sevilla,Huesca,1,0,H,1.54,3.92,6.94,2021
13/02/2021,Eibar,Valladolid,1,1,D,2,3.3,4.07,2021
13/02/2021,Barcelona,Alaves,5,1,H,1.3,5.82,9.51,2021
14/02/2021,Getafe,Sociedad,0,1,A,3.81,3.17,2.12,2021
14/02/2021,Real Madrid,Valencia,2,0,H,1.43,4.69,7.28,2021
14/02/2021,Levante,Osasuna,0,1,A,2.32,3.15,3.31,2021
14/02/2021,Villarreal,Betis,1,2,A,1.95,3.4,4.14,2021
15/02/2021,Cadiz,Ath Bilbao,0,4,A,3.86,3.15,2.11,2021
17/02/2021,Levante,Ath Madrid,1,1,D,4.69,3.41,1.84,2021
19/02/2021,Betis,Getafe,1,0,H,2.04,3.14,4.22,2021
20/02/2021,Elche,Eibar,1,0,H,3.7,3.2,2.15,2021
20/02/2021,Ath Madrid,Levante,0,2,A,1.55,3.96,6.71,2021
20/02/2021,Valencia,Celta,2,0,H,2.48,3.21,2.99,2021
20/02/2021,Valladolid,Real Madrid,0,1,A,5.89,4.04,1.58,2021
21/02/2021,Barcelona,Cadiz,1,1,D,1.16,7.91,16.05,2021
21/02/2021,Sociedad,Alaves,4,0,H,1.66,3.63,5.89,2021
21/02/2021,Huesca,Granada,3,2,H,2.19,3.2,3.58,2021
21/02/2021,Ath Bilbao,Villarreal,1,1,D,2.53,3.11,3.03,2021
22/02/2021,Osasuna,Sevilla,0,2,A,4.3,3.26,1.96,2021
24/02/2021,Barcelona,Elche,3,0,H,1.13,8.99,19.71,2021
26/02/2021,Levante,Ath Bilbao,1,1,D,3.34,3.26,2.27,2021
27/02/2021,Eibar,Huesca,1,1,D,2.17,3.26,3.55,2021
27/02/2021,Sevilla,Barcelona,0,2,A,3.19,3.51,2.23,2021
27/02/2021,Alaves,Osasuna,0,1,A,2.71,2.94,2.94,2021
27/02/2021,Getafe,Valencia,3,0,H,2.55,2.94,3.18,2021
28/02/2021,Celta,Valladolid,1,1,D,1.77,3.75,4.57,2021
28/02/2021,Cadiz,Betis,0,1,A,3.84,3.31,2.06,2021
28/02/2021,Granada,Elche,2,1,H,2.08,3.12,4.06,2021
28/02/2021,Villarreal,Ath Madrid,0,2,A,3.2,3.02,2.48,2021
01/03/2021,Real Madrid,Sociedad,1,1,D,1.88,3.73,4.01,2021
05/03/2021,Valencia,Villarreal,2,1,H,4,3.42,1.99,2021
06/03/2021,Valladolid,Getafe,2,1,H,3.06,2.85,2.72,2021
06/03/2021,Elche,Sevilla,2,1,H,6.6,3.61,1.61,2021
06/03/2021,Cadiz,Eibar,1,0,H,3.32,3.15,2.33,2021
06/03/2021,Osasuna,Barcelona,0,2,A,6.09,4.45,1.52,2021
07/03/2021,Huesca,Celta,3,4,A,2.98,3.23,2.48,2021
07/03/2021,Ath Madrid,Real Madrid,1,1,D,2.61,3.21,2.82,2021
07/03/2021,Sociedad,Levante,1,0,H,1.47,4.39,7.07,2021
07/03/2021,Ath Bilbao,Granada,2,1,H,1.62,3.9,5.74,2021
08/03/2021,Betis,Alaves,3,2,H,1.76,3.69,4.76,2021
10/03/2021,Ath Madrid,Ath Bilbao,2,1,H,1.82,3.27,5.25,2021
12/03/2021,Levante,Valencia,1,0,H,2.34,3.32,3.18,2021
13/03/2021,Alaves,Cadiz,1,1,D,2.14,3.15,3.83,2021
13/03/2021,Real Madrid,Elche,2,1,H,1.2,6.81,14.37,2021
13/03/2021,Osasuna,Valladolid,0,0,D,2.23,3.09,3.62,2021
13/03/2021,Getafe,Ath Madrid,0,0,D,4.75,3.12,1.93,2021
14/03/2021,Celta,Ath Bilbao,0,0,D,2.67,3.25,2.72,2021
14/03/2021,Granada,Sociedad,1,0,H,5.57,3.98,1.62,2021
14/03/2021,Eibar,Villarreal,1,3,A,3.01,3.39,2.37,2021
14/03/2021,Sevilla,Betis,1,0,H,2.01,3.45,3.83,2021
15/03/2021,Barcelona,Huesca,4,1,H,1.2,7.05,13.24,2021
17/03/2021,Sevilla,Elche,2,0,H,1.42,4.47,8.1,2021
19/03/2021,Betis,Levante,2,0,H,1.77,3.75,4.64,2021
20/03/2021,Ath Bilbao,Eibar,1,1,D,1.81,3.59,4.61,2021
20/03/2021,Celta,Real Madrid,1,3,A,4.51,3.9,1.75,2021
20/03/2021,Huesca,Osasuna,0,0,D,2.56,3.11,2.97,2021
20/03/2021,Valladolid,Sevilla,1,1,D,4.59,3.39,1.86,2021
21/03/2021,Getafe,Elche,1,1,D,1.88,3.11,5.07,2021
21/03/2021,Valencia,Granada,2,1,H,2.05,3.41,3.72,2021
21/03/2021,Villarreal,Cadiz,2,1,H,1.41,4.42,8.78,2021
21/03/2021,Ath Madrid,Alaves,1,0,H,1.35,4.65,10.69,2021
21/03/2021,Sociedad,Barcelona,1,6,A,3.53,3.78,1.99,2021
02/04/2021,Levante,Huesca,0,2,A,2.42,3.32,3.02,2021
03/04/2021,Granada,Villarreal,0,3,A,3.74,3.27,2.11,2021
03/04/2021,Real Madrid,Eibar,2,0,H,1.35,5.1,8.93,2021
03/04/2021,Osasuna,Getafe,0,0,D,2.67,2.79,3.16,2021
04/04/2021,Alaves,Celta,1,3,A,2.97,3.18,2.52,2021
04/04/2021,Elche,Betis,1,1,D,4.52,3.6,1.82,2021
04/04/2021,Cadiz,Valencia,2,1,H,3.11,3.13,2.44,2021
04/04/2021,Sevilla,Ath Madrid,1,0,H,2.9,3.06,2.67,2021
05/04/2021,Barcelona,Valladolid,1,0,H,1.13,9.05,20.1,2021
07/04/2021,Sociedad,Ath Bilbao,1,1,D,2.2,3.17,3.58,2021
09/04/2021,Huesca,Elche,3,1,H,2.05,3.21,4.09,2021
10/04/2021,Getafe,Cadiz,0,1,A,1.96,3.1,4.74,2021
10/04/2021,Ath Bilbao,Alaves,0,0,D,1.92,3.31,4.45,2021
10/04/2021,Eibar,Levante,0,1,A,2.22,3.42,3.28,2021
10/04/2021,Real Madrid,Barcelona,2,1,H,2.92,3.78,2.28,2021
11/04/2021,Villarreal,Osasuna,1,2,A,1.68,3.64,5.64,2021
11/04/2021,Valencia,Sociedad,2,2,D,3.53,3.28,2.17,2021
11/04/2021,Valladolid,Granada,1,2,A,2.13,3.33,3.59,2021
11/04/2021,Betis,Ath Madrid,1,1,D,3.27,3.11,2.39,2021
12/04/2021,Celta,Sevilla,3,4,A,3.44,3.29,2.21,2021
18/04/2021,Osasuna,Elche,2,0,H,1.96,3.22,4.42,2021
18/04/2021,Sociedad,Sevilla,1,2,A,2.88,3.29,2.53,2021
18/04/2021,Alaves,Huesca,1,0,H,2.46,3.11,3.14,2021
18/04/2021,Ath Madrid,Eibar,5,0,H,1.44,4.25,8.51,2021
18/04/2021,Betis,Valencia,2,2,D,1.88,3.62,4.17,2021
18/04/2021,Cadiz,Celta,0,0,D,3.63,3.39,2.1,2021
18/04/2021,Getafe,Real Madrid,0,0,D,5.98,3.73,1.64,2021
18/04/2021,Levante,Villarreal,1,5,A,3.81,3.35,2.06,2021
21/04/2021,Levante,Sevilla,0,1,A,4.85,4.17,1.67,2021
21/04/2021,Osasuna,Valencia,3,1,H,2.43,3.12,3.17,2021
21/04/2021,Betis,Ath Bilbao,0,0,D,2.44,3.27,3.03,2021
21/04/2021,Alaves,Villarreal,2,1,H,4.31,3.5,1.89,2021
21/04/2021,Elche,Valladolid,1,1,D,2.85,3.02,2.74,2021
21/04/2021,Cadiz,Real Madrid,0,3,A,9.04,4.65,1.38,2021
22/04/2021,Ath Madrid,Huesca,2,0,H,1.39,4.57,8.86,2021
22/04/2021,Granada,Eibar,4,1,H,2.43,3.08,3.22,2021
22/04/2021,Sociedad,Celta,2,1,H,1.87,3.61,4.22,2021
22/04/2021,Barcelona,Getafe,5,2,H,1.23,6.3,13.62,2021
24/04/2021,Elche,Levante,1,0,H,2.73,3.29,2.65,2021
24/04/2021,Valladolid,Cadiz,1,1,D,1.94,3.31,4.35,2021
24/04/2021,Valencia,Alaves,1,1,D,2.16,3.25,3.62,2021
24/04/2021,Real Madrid,Betis,0,0,D,1.5,4.53,6.35,2021
25/04/2021,Huesca,Getafe,0,2,A,2.89,2.9,2.8,2021
25/04/2021,Villarreal,Barcelona,1,2,A,4.61,4.32,1.67,2021
25/04/2021,Celta,Osasuna,2,1,H,2.24,3.39,3.24,2021
25/04/2021,Sevilla,Granada,2,1,H,1.42,4.71,7.65,2021
25/04/2021,Ath Bilbao,Ath Madrid,2,1,H,4.32,3.34,1.93,2021
26/04/2021,Eibar,Sociedad,0,1,A,4.14,3.47,1.92,2021
28/04/2021,Ath Bilbao,Valladolid,2,2,D,1.86,3.22,5.04,2021
29/04/2021,Barcelona,Granada,1,2,A,1.15,8.44,16.88,2021
30/04/2021,Celta,Levante,2,0,H,1.86,3.65,4.35,2021
01/05/2021,Eibar,Alaves,3,0,H,2.51,3.11,3.07,2021
01/05/2021,Elche,Ath Madrid,0,1,A,8.79,4.5,1.41,2021
01/05/2021,Huesca,Sociedad,1,0,H,3.74,3.47,2.04,2021
01/05/2021,Real Madrid,Osasuna,2,0,H,1.38,4.93,8.48,2021
02/05/2021,Valladolid,Betis,1,1,D,3.18,3.46,2.26,2021
02/05/2021,Villarreal,Getafe,1,0,H,2.18,3.01,3.92,2021
02/05/2021,Granada,Cadiz,0,1,A,1.83,3.4,4.84,2021
02/05/2021,Valencia,Barcelona,2,3,A,7.4,5.37,1.38,2021
03/05/2021,Sevilla,Ath Bilbao,0,1,A,1.6,3.96,5.92,2021
07/05/2021,Sociedad,Elche,2,0,H,1.5,4.1,7.5,2021
08/05/2021,Alaves,Levante,2,2,D,2.17,3.32,3.54,2021
08/05/2021,Barcelona,Ath Madrid,0,0,D,1.81,3.69,4.52,2021
08/05/2021,Cadiz,Huesca,2,1,H,3.64,3.23,2.17,2021
08/05/2021,Ath Bilbao,Osasuna,2,2,D,1.81,3.55,4.72,2021
09/05/2021,Getafe,Eibar,0,1,A,2.26,3.07,3.6,2021
09/05/2021,Valencia,Valladolid,3,0,H,2.05,3.3,3.93,2021
09/05/2021,Villarreal,Celta,2,4,A,1.99,3.64,3.72,2021
09/05/2021,Real Madrid,Sevilla,2,2,D,1.98,3.64,3.74,2021
10/05/2021,Betis,Granada,2,1,H,1.8,3.69,4.57,2021
11/05/2021,Osasuna,Cadiz,3,2,H,2,3.37,4.07,2021
11/05/2021,Elche,Alaves,0,2,A,2.93,3.03,2.69,2021
11/05/2021,Levante,Barcelona,3,3,D,11.54,7.38,1.22,2021
12/05/2021,Sevilla,Valencia,1,0,H,1.46,4.63,6.78,2021
12/05/2021,Celta,Getafe,1,0,H,2.4,3.25,3.11,2021
12/05/2021,Huesca,Ath Bilbao,1,0,H,2.55,3.22,2.92,2021
12/05/2021,Ath Madrid,Sociedad,2,1,H,1.61,3.9,6.01,2021
13/05/2021,Valladolid,Villarreal,0,2,A,3.86,3.55,1.98,2021
13/05/2021,Eibar,Betis,1,1,D,2.8,3.39,2.55,2021
13/05/2021,Granada,Real Madrid,1,4,A,8.01,4.9,1.4,2021
16/05/2021,Alaves,Granada,4,2,H,1.87,3.64,4.26,2021
16/05/2021,Ath Bilbao,Real Madrid,0,1,A,5.39,4.27,1.6,2021
16/05/2021,Ath Madrid,Osasuna,2,1,H,1.24,5.97,13.72,2021
16/05/2021,Barcelona,Celta,1,2,A,1.24,6.69,10.7,2021
16/05/2021,Betis,Huesca,1,0,H,1.84,3.79,4.17,2021
16/05/2021,Cadiz,Elche,1,3,A,3.21,3.13,2.4,2021
16/05/2021,Getafe,Levante,2,1,H,1.64,3.88,5.6,2021
16/05/2021,Sociedad,Valladolid,4,1,H,1.66,3.74,5.68,2021
16/05/2021,Valencia,Eibar,4,1,H,2.84,3.43,2.48,2021
16/05/2021,Villarreal,Sevilla,4,0,H,2.43,3.47,2.88,2021
21/05/2021,Levante,Cadiz,2,2,D,1.8,4.07,4.17,2021
22/05/2021,Celta,Betis,2,3,A,3.21,3.83,2.11,2021
22/05/2021,Eibar,Barcelona,0,1,A,4.46,4.4,1.68,2021
22/05/2021,Elche,Ath Bilbao,2,0,H,1.99,3.62,3.75,2021
22/05/2021,Huesca,Valencia,0,0,D,1.68,4.18,4.73,2021
22/05/2021,Osasuna,Sociedad,0,1,A,4.97,4.4,1.62,2021
22/05/2021,Real Madrid,Villarreal,2,1,H,1.42,5.05,6.92,2021
22/05/2021,Valladolid,Ath Madrid,1,2,A,9.2,5.27,1.34,2021
23/05/2021,Granada,Getafe,0,0,D,2.72,3.37,2.62,2021
23/05/2021,Sevilla,Alaves,1,0,H,1.55,4.31,6.01,2021
16/08/2019,Ath Bilbao,Barcelona,1,0,H,5.07,3.81,1.71,1920
17/08/2019,Celta,Real Madrid,1,3,A,4.67,4.12,1.69,1920
17/08/2019,Valencia,Sociedad,1,1,D,1.68,3.8,5.29,1920
17/08/2019,Mallorca,Eibar,2,1,H,2.91,3.09,2.62,1920
17/08/2019,Leganes,Osasuna,0,1,A,2.06,3.18,4.02,1920
17/08/2019,Villarreal,Granada,4,4,D,1.61,3.95,5.8,1920
18/08/2019,Alaves,Levante,1,0,H,2.23,3.25,3.43,1920
18/08/2019,Espanol,Sevilla,0,2,A,3.08,3.41,2.33,1920
18/08/2019,Betis,Valladolid,1,2,A,1.64,3.76,5.78,1920
18/08/2019,Ath Madrid,Getafe,1,0,H,1.47,4.23,7.63,1920
23/08/2019,Granada,Sevilla,0,1,A,3.95,3.58,1.94,1920
23/08/2019,Levante,Villarreal,2,1,H,2.59,3.54,2.63,1920
24/08/2019,Osasuna,Eibar,0,0,D,2.53,3.12,2.99,1920
24/08/2019,Real Madrid,Valladolid,1,1,D,1.21,6.97,13.16,1920
24/08/2019,Celta,Valencia,1,0,H,3.17,3.45,2.26,1920
24/08/2019,Getafe,Ath Bilbao,1,1,D,2.61,2.94,3.06,1920
25/08/2019,Alaves,Espanol,0,0,D,2.52,3.18,2.97,1920
25/08/2019,Mallorca,Sociedad,0,1,A,3.02,3.23,2.44,1920
25/08/2019,Leganes,Ath Madrid,0,1,A,5.18,3.29,1.81,1920
25/08/2019,Barcelona,Betis,5,2,H,1.27,6.07,10.56,1920
30/08/2019,Sevilla,Celta,1,1,D,1.55,4.31,5.97,1920
30/08/2019,Ath Bilbao,Sociedad,2,0,H,2.33,3.07,3.45,1920
31/08/2019,Osasuna,Barcelona,2,2,D,9.52,4.86,1.36,1920
31/08/2019,Getafe,Alaves,1,1,D,1.77,3.34,5.55,1920
31/08/2019,Levante,Valladolid,2,0,H,2.01,3.56,3.74,1920
31/08/2019,Betis,Leganes,2,1,H,1.95,3.24,4.49,1920
01/09/2019,Valencia,Mallorca,2,0,H,1.41,4.63,8.14,1920
01/09/2019,Ath Madrid,Eibar,3,2,H,1.42,4.16,9.92,1920
01/09/2019,Espanol,Granada,0,3,A,2.1,3.2,3.92,1920
01/09/2019,Villarreal,Real Madrid,2,2,D,3.71,4.14,1.88,1920
13/09/2019,Mallorca,Ath Bilbao,0,0,D,3.65,3.02,2.28,1920
14/09/2019,Real Madrid,Levante,3,2,H,1.25,6.59,10.54,1920
14/09/2019,Leganes,Villarreal,0,3,A,2.51,3.15,3.04,1920
14/09/2019,Sociedad,Ath Madrid,2,0,H,3.73,3.15,2.17,1920
14/09/2019,Barcelona,Valencia,5,2,H,1.47,4.59,6.69,1920
15/09/2019,Eibar,Espanol,1,2,A,1.97,3.34,4.21,1920
15/09/2019,Alaves,Sevilla,0,1,A,4.23,3.37,1.95,1920
15/09/2019,Celta,Granada,0,2,A,1.84,3.64,4.4,1920
15/09/2019,Valladolid,Osasuna,1,1,D,2.23,3.05,3.73,1920
15/09/2019,Betis,Getafe,1,1,D,2.22,3.22,3.51,1920
20/09/2019,Osasuna,Betis,0,0,D,2.34,3.37,3.12,1920
21/09/2019,Villarreal,Valladolid,2,0,H,1.59,4.19,5.61,1920
21/09/2019,Levante,Eibar,0,0,D,2.26,3.51,3.12,1920
21/09/2019,Ath Madrid,Celta,0,0,D,1.42,4.35,8.61,1920
21/09/2019,Granada,Barcelona,2,0,H,9.24,5.44,1.32,1920
22/09/2019,Getafe,Mallorca,4,2,H,1.85,3.23,5.06,1920
22/09/2019,Espanol,Sociedad,1,3,A,2.94,3.25,2.5,1920
22/09/2019,Valencia,Leganes,1,1,D,1.59,3.9,6.16,1920
22/09/2019,Ath Bilbao,Alaves,2,0,H,1.65,3.61,6.16,1920
22/09/2019,Sevilla,Real Madrid,0,1,A,2.61,3.77,2.5,1920
24/09/2019,Valladolid,Granada,1,1,D,2.36,3.17,3.27,1920
24/09/2019,Betis,Levante,3,1,H,1.97,3.67,3.77,1920
24/09/2019,Barcelona,Villarreal,2,1,H,1.31,6.06,8.84,1920
25/09/2019,Leganes,Ath Bilbao,1,1,D,2.86,2.94,2.79,1920
25/09/2019,Mallorca,Ath Madrid,0,2,A,6.33,3.65,1.63,1920
25/09/2019,Valencia,Getafe,3,3,D,1.93,3.31,4.46,1920
25/09/2019,Real Madrid,Osasuna,2,0,H,1.24,6.45,11.19,1920
26/09/2019,Eibar,Sevilla,3,2,H,3.25,3.34,2.27,1920
26/09/2019,Celta,Espanol,1,1,D,1.85,3.64,4.33,1920
26/09/2019,Sociedad,Alaves,3,0,H,1.65,3.83,5.55,1920
27/09/2019,Villarreal,Betis,5,1,H,1.87,3.82,4.04,1920
28/09/2019,Ath Bilbao,Valencia,0,1,A,2.16,3.21,3.69,1920
28/09/2019,Getafe,Barcelona,0,2,A,4.38,3.44,1.89,1920
28/09/2019,Granada,Leganes,1,0,H,2.36,3.07,3.35,1920
28/09/2019,Ath Madrid,Real Madrid,0,0,D,2.41,3.33,3,1920
29/09/2019,Espanol,Valladolid,0,2,A,2.03,3.26,4.08,1920
29/09/2019,Eibar,Celta,2,0,H,2.36,3.3,3.13,1920
29/09/2019,Alaves,Mallorca,2,0,H,2.25,3.13,3.52,1920
29/09/2019,Levante,Osasuna,1,1,D,2.15,3.45,3.41,1920
29/09/2019,Sevilla,Sociedad,3,2,H,1.87,3.56,4.33,1920
04/10/2019,Betis,Eibar,1,1,D,2.02,3.62,3.68,1920
05/10/2019,Leganes,Levante,1,2,A,1.98,3.44,4,1920
05/10/2019,Real Madrid,Granada,4,2,H,1.3,5.78,9.42,1920
05/10/2019,Valencia,Alaves,2,1,H,1.52,4.1,6.81,1920
05/10/2019,Osasuna,Villarreal,2,1,H,2.99,3.28,2.45,1920
06/10/2019,Mallorca,Espanol,2,0,H,2.49,3.13,3.06,1920
06/10/2019,Celta,Ath Bilbao,1,0,H,2.7,3.04,2.87,1920
06/10/2019,Valladolid,Ath Madrid,0,0,D,5.36,3.52,1.74,1920
06/10/2019,Sociedad,Getafe,1,2,A,1.9,3.36,4.46,1920
06/10/2019,Barcelona,Sevilla,4,0,H,1.51,4.46,6.19,1920
18/10/2019,Granada,Osasuna,1,0,H,2.4,3.01,3.38,1920
19/10/2019,Eibar,Barcelona,0,3,A,5.8,4.5,1.53,1920
19/10/2019,Ath Madrid,Valencia,1,1,D,1.61,3.87,5.95,1920
19/10/2019,Getafe,Leganes,2,0,H,1.84,3.21,5.17,1920
19/10/2019,Mallorca,Real Madrid,1,0,H,6.26,4.34,1.52,1920
20/10/2019,Alaves,Celta,2,0,H,2.96,3,2.65,1920
20/10/2019,Sociedad,Betis,3,1,H,1.76,3.88,4.5,1920
20/10/2019,Espanol,Villarreal,0,1,A,3.04,3.4,2.36,1920
20/10/2019,Ath Bilbao,Valladolid,1,1,D,1.69,3.46,6.03,1920
20/10/2019,Sevilla,Levante,1,0,H,1.33,5.53,8.64,1920
25/10/2019,Villarreal,Alaves,4,1,H,1.52,4.25,6.58,1920
26/10/2019,Leganes,Mallorca,1,0,H,1.85,3.39,4.79,1920
26/10/2019,Valladolid,Eibar,2,0,H,2.42,3.12,3.17,1920
26/10/2019,Ath Madrid,Ath Bilbao,2,0,H,1.74,3.37,5.73,1920
27/10/2019,Celta,Sociedad,0,1,A,2.84,3.29,2.54,1920
27/10/2019,Granada,Betis,1,0,H,2.5,3.33,2.87,1920
27/10/2019,Levante,Espanol,0,1,A,2.19,3.4,3.38,1920
27/10/2019,Sevilla,Getafe,2,0,H,1.73,3.62,5.22,1920
27/10/2019,Osasuna,Valencia,3,1,H,2.78,3.17,2.68,1920
29/10/2019,Alaves,Ath Madrid,1,1,D,6.12,3.45,1.69,1920
29/10/2019,Barcelona,Valladolid,5,1,H,1.13,9.03,19.44,1920
30/10/2019,Sociedad,Levante,1,2,A,1.5,4.55,6.21,1920
30/10/2019,Valencia,Sevilla,1,1,D,2.84,3.38,2.5,1920
30/10/2019,Ath Bilbao,Espanol,3,0,H,1.91,3.19,4.76,1920
30/10/2019,Betis,Celta,2,1,H,2.07,3.47,3.63,1920
30/10/2019,Real Madrid,Leganes,5,0,H,1.27,5.87,11.5,1920
31/10/2019,Eibar,Villarreal,2,1,H,2.73,3.42,2.56,1920
31/10/2019,Mallorca,Osasuna,2,2,D,2.53,3.01,3.1,1920
31/10/2019,Getafe,Granada,3,1,H,1.92,3.25,4.57,1920
02/11/2019,Espanol,Valencia,1,2,A,2.77,3.21,2.68,1920
02/11/2019,Levante,Barcelona,3,1,H,8.36,5.92,1.32,1920
02/11/2019,Sevilla,Ath Madrid,1,1,D,2.39,3.14,3.24,1920
02/11/2019,Real Madrid,Betis,0,0,D,1.28,6.27,9.58,1920
03/11/2019,Valladolid,Mallorca,3,0,H,2.07,3.29,3.86,1920
03/11/2019,Villarreal,Ath Bilbao,0,0,D,1.88,3.5,4.36,1920
03/11/2019,Osasuna,Alaves,4,2,H,2.08,3.04,4.25,1920
03/11/2019,Celta,Getafe,0,1,A,2.57,3.05,3.02,1920
03/11/2019,Leganes,Eibar,1,2,A,2.32,3.17,3.32,1920
03/11/2019,Granada,Sociedad,1,2,A,3.05,3.17,2.47,1920
08/11/2019,Sociedad,Leganes,1,1,D,1.84,3.34,4.95,1920
09/11/2019,Alaves,Valladolid,3,0,H,2.4,3.02,3.34,1920
09/11/2019,Valencia,Granada,2,0,H,1.67,3.63,5.87,1920
09/11/2019,Eibar,Real Madrid,0,4,A,5.48,4.13,1.6,1920
09/11/2019,Barcelona,Celta,4,1,H,1.21,6.93,13.22,1920
10/11/2019,Mallorca,Villarreal,3,1,H,3.35,3.45,2.17,1920
10/11/2019,Ath Bilbao,Levante,2,1,H,1.69,3.77,5.18,1920
10/11/2019,Ath Madrid,Espanol,3,1,H,1.46,4.02,8.64,1920
10/11/2019,Getafe,Osasuna,0,0,D,1.95,3.26,4.35,1920
10/11/2019,Betis,Sevilla,1,2,A,3.4,3.44,2.15,1920
22/11/2019,Levante,Mallorca,2,1,H,1.77,3.77,4.64,1920
23/11/2019,Leganes,Barcelona,1,2,A,6.98,4.46,1.47,1920
23/11/2019,Betis,Valencia,2,1,H,2.41,3.4,2.93,1920
23/11/2019,Granada,Ath Madrid,1,1,D,4.89,3.1,1.92,1920
23/11/2019,Real Madrid,Sociedad,3,1,H,1.37,5.4,7.42,1920
24/11/2019,Espanol,Getafe,1,1,D,2.77,2.94,2.85,1920
24/11/2019,Osasuna,Ath Bilbao,1,2,A,2.61,2.98,3.01,1920
24/11/2019,Eibar,Alaves,0,2,A,1.85,3.4,4.65,1920
24/11/2019,Villarreal,Celta,1,3,A,1.77,3.87,4.41,1920
24/11/2019,Valladolid,Sevilla,0,1,A,4.14,3.59,1.89,1920
29/11/2019,Celta,Valladolid,0,0,D,1.74,3.62,5.13,1920
30/11/2019,Alaves,Real Madrid,1,2,A,6.03,4.44,1.52,1920
30/11/2019,Sociedad,Eibar,4,1,H,1.71,3.84,4.93,1920
30/11/2019,Mallorca,Betis,1,2,A,2.66,3.33,2.68,1920
30/11/2019,Valencia,Villarreal,2,1,H,2.38,3.43,2.96,1920
01/12/2019,Sevilla,Leganes,1,0,H,1.53,4.01,6.86,1920
01/12/2019,Ath Bilbao,Granada,2,0,H,1.71,3.42,5.85,1920
01/12/2019,Espanol,Osasuna,2,4,A,2.21,3.23,3.49,1920
01/12/2019,Getafe,Levante,4,0,H,1.68,3.77,5.32,1920
01/12/2019,Ath Madrid,Barcelona,0,1,A,2.79,3.24,2.61,1920
06/12/2019,Villarreal,Ath Madrid,0,0,D,3.52,3.29,2.19,1920
07/12/2019,Real Madrid,Espanol,2,0,H,1.2,7.06,14.13,1920
07/12/2019,Granada,Alaves,3,0,H,2.24,3.06,3.65,1920
07/12/2019,Levante,Valencia,2,4,A,3.05,3.76,2.2,1920
07/12/2019,Barcelona,Mallorca,5,2,H,1.12,9.16,21.61,1920
08/12/2019,Eibar,Getafe,0,1,A,2.77,2.98,2.83,1920
08/12/2019,Betis,Ath Bilbao,3,2,H,2.33,3.24,3.21,1920
08/12/2019,Valladolid,Sociedad,0,0,D,3.27,3.22,2.31,1920
08/12/2019,Leganes,Celta,3,2,H,2.35,3.09,3.34,1920
08/12/2019,Osasuna,Sevilla,1,1,D,3.44,3.38,2.16,1920
13/12/2019,Alaves,Leganes,1,1,D,2.53,2.95,3.2,1920
14/12/2019,Granada,Levante,1,2,A,2.01,3.55,3.73,1920
14/12/2019,Sociedad,Barcelona,2,2,D,4.76,4.24,1.67,1920
14/12/2019,Ath Bilbao,Eibar,0,0,D,1.7,3.58,5.52,1920
14/12/2019,Ath Madrid,Osasuna,2,0,H,1.4,4.27,10.06,1920
15/12/2019,Getafe,Valladolid,2,0,H,1.65,3.58,6.07,1920
15/12/2019,Celta,Mallorca,2,2,D,1.69,3.76,5.22,1920
15/12/2019,Espanol,Betis,2,2,D,2.57,3.36,2.76,1920
15/12/2019,Sevilla,Villarreal,1,2,A,1.69,4.07,4.78,1920
15/12/2019,Valencia,Real Madrid,1,1,D,3.75,3.91,1.9,1920
18/12/2019,Barcelona,Real Madrid,0,0,D,1.74,4.16,4.3,1920
20/12/2019,Eibar,Granada,3,0,H,2.09,3.21,3.94,1920
21/12/2019,Mallorca,Sevilla,0,2,A,4.95,3.89,1.7,1920
21/12/2019,Barcelona,Alaves,4,1,H,1.15,8.35,18.61,1920
21/12/2019,Villarreal,Getafe,1,0,H,2.22,3.18,3.53,1920
21/12/2019,Valladolid,Valencia,1,1,D,3.49,3.28,2.18,1920
22/12/2019,Leganes,Espanol,2,0,H,2.12,3.09,3.93,1920
22/12/2019,Osasuna,Sociedad,3,4,A,2.8,3.29,2.58,1920
22/12/2019,Betis,Ath Madrid,1,2,A,3.82,3.33,2.06,1920
22/12/2019,Levante,Celta,3,1,H,2.62,3.49,2.6,1920
22/12/2019,Real Madrid,Ath Bilbao,0,0,D,1.35,5.12,8.61,1920
03/01/2020,Valladolid,Leganes,2,2,D,2.72,2.83,3.06,1920
03/01/2020,Sevilla,Ath Bilbao,1,1,D,1.65,3.67,5.93,1920
04/01/2020,Valencia,Eibar,1,0,H,1.66,3.87,5.33,1920
04/01/2020,Getafe,Real Madrid,0,3,A,4.31,3.63,1.85,1920
04/01/2020,Ath Madrid,Levante,2,1,H,1.28,5.65,11.17,1920
04/01/2020,Espanol,Barcelona,2,2,D,6.76,4.69,1.45,1920
05/01/2020,Granada,Mallorca,1,0,H,1.94,3.35,4.24,1920
05/01/2020,Sociedad,Villarreal,1,2,A,1.91,3.86,3.75,1920
05/01/2020,Alaves,Betis,1,1,D,2.65,3.21,2.75,1920
05/01/2020,Celta,Osasuna,1,1,D,2.1,3.35,3.63,1920
17/01/2020,Leganes,Getafe,0,3,A,2.97,2.82,2.8,1920
18/01/2020,Levante,Alaves,0,1,A,2.06,3.47,3.61,1920
18/01/2020,Real Madrid,Sevilla,2,1,H,1.62,4.3,5.08,1920
18/01/2020,Osasuna,Valladolid,0,0,D,1.85,3.43,4.61,1920
18/01/2020,Eibar,Ath Madrid,2,0,H,4.95,3.34,1.82,1920
19/01/2020,Mallorca,Valencia,4,1,H,3.68,3.49,2.04,1920
19/01/2020,Betis,Sociedad,3,0,H,2.46,3.63,2.72,1920
19/01/2020,Villarreal,Espanol,1,2,A,1.66,3.92,5.21,1920
19/01/2020,Ath Bilbao,Celta,1,1,D,1.95,3.21,4.46,1920
19/01/2020,Barcelona,Granada,1,0,H,1.15,8.1,17.04,1920
24/01/2020,Osasuna,Levante,2,0,H,1.69,4.07,4.78,1920
25/01/2020,Espanol,Ath Bilbao,1,1,D,2.48,2.96,3.25,1920
25/01/2020,Valencia,Barcelona,2,0,H,4.77,4.29,1.65,1920
25/01/2020,Alaves,Villarreal,1,2,A,2.8,3.24,2.6,1920
25/01/2020,Sevilla,Granada,2,0,H,1.38,4.62,9.29,1920
26/01/2020,Ath Madrid,Leganes,0,0,D,1.45,4.13,8.73,1920
26/01/2020,Celta,Eibar,0,0,D,2.05,3.37,3.76,1920
26/01/2020,Getafe,Betis,1,0,H,2.03,3.3,3.94,1920
26/01/2020,Sociedad,Mallorca,3,0,H,1.45,4.54,7.05,1920
26/01/2020,Valladolid,Real Madrid,0,1,A,7.15,4.81,1.42,1920
01/02/2020,Granada,Espanol,2,1,H,2.69,3.07,2.85,1920
01/02/2020,Real Madrid,Ath Madrid,1,0,H,1.8,3.57,4.63,1920
01/02/2020,Mallorca,Valladolid,0,1,A,2.26,3.21,3.38,1920
01/02/2020,Valencia,Celta,1,0,H,1.81,3.61,4.55,1920
02/02/2020,Leganes,Sociedad,2,1,H,2.9,3.14,2.58,1920
02/02/2020,Eibar,Betis,1,1,D,2.48,3.39,2.83,1920
02/02/2020,Ath Bilbao,Getafe,0,2,A,2.55,2.85,3.24,1920
02/02/2020,Sevilla,Alaves,1,1,D,1.35,4.95,9.11,1920
02/02/2020,Villarreal,Osasuna,3,1,H,1.77,3.87,4.45,1920
02/02/2020,Barcelona,Levante,2,1,H,1.14,9.14,16.42,1920
07/02/2020,Alaves,Eibar,2,1,H,2.24,3.12,3.56,1920
08/02/2020,Levante,Leganes,2,0,H,2.59,3.21,2.85,1920
08/02/2020,Getafe,Valencia,3,0,H,2.03,3.29,3.98,1920
08/02/2020,Valladolid,Villarreal,1,1,D,3.03,3.19,2.44,1920
08/02/2020,Ath Madrid,Granada,1,0,H,1.4,4.19,10.44,1920
09/02/2020,Espanol,Mallorca,1,0,H,1.65,3.87,5.43,1920
09/02/2020,Sociedad,Ath Bilbao,2,1,H,2.1,3.2,3.81,1920
09/02/2020,Osasuna,Real Madrid,1,4,A,5.83,4.38,1.54,1920
09/02/2020,Celta,Sevilla,2,1,H,3.39,3.27,2.23,1920
09/02/2020,Betis,Barcelona,2,3,A,4,3.85,1.85,1920
14/02/2020,Valencia,Ath Madrid,2,2,D,3.52,3.06,2.29,1920
15/02/2020,Mallorca,Alaves,1,0,H,2.44,3.13,3.11,1920
15/02/2020,Barcelona,Getafe,2,1,H,1.43,4.53,7.67,1920
15/02/2020,Villarreal,Levante,2,1,H,1.52,4.53,5.82,1920
15/02/2020,Granada,Valladolid,2,1,H,2.46,2.97,3.27,1920
16/02/2020,Sevilla,Espanol,2,2,D,1.6,3.91,6,1920
16/02/2020,Leganes,Betis,0,0,D,2.45,3.17,3.05,1920
16/02/2020,Ath Bilbao,Osasuna,0,1,A,2.03,3.19,4.09,1920
16/02/2020,Real Madrid,Celta,2,2,D,1.28,5.94,10.2,1920
21/02/2020,Betis,Mallorca,3,3,D,1.48,4.52,6.7,1920
22/02/2020,Celta,Leganes,1,0,H,1.86,3.39,4.67,1920
22/02/2020,Barcelona,Eibar,5,0,H,1.2,7.01,13.36,1920
22/02/2020,Sociedad,Valencia,3,0,H,1.69,4.03,4.79,1920
22/02/2020,Levante,Real Madrid,1,0,H,6.2,4.93,1.46,1920
23/02/2020,Osasuna,Granada,0,3,A,1.93,3.37,4.25,1920
23/02/2020,Alaves,Ath Bilbao,2,1,H,2.95,2.9,2.72,1920
23/02/2020,Valladolid,Espanol,2,1,H,2.62,2.97,3.02,1920
23/02/2020,Getafe,Sevilla,0,3,A,2.32,3.08,3.39,1920
23/02/2020,Ath Madrid,Villarreal,3,1,H,1.66,3.72,5.63,1920
28/02/2020,Sociedad,Valladolid,1,0,H,1.54,4.04,6.63,1920
29/02/2020,Eibar,Levante,3,0,H,1.99,3.55,3.78,1920
29/02/2020,Valencia,Betis,2,1,H,2.21,3.4,3.3,1920
29/02/2020,Leganes,Alaves,1,1,D,2.04,3.06,4.27,1920
29/02/2020,Granada,Celta,0,0,D,2.81,3.06,2.72,1920
01/03/2020,Sevilla,Osasuna,3,2,H,1.47,4.28,7.29,1920
01/03/2020,Ath Bilbao,Villarreal,1,0,H,2.31,3.29,3.18,1920
01/03/2020,Espanol,Ath Madrid,1,1,D,4.28,3.06,2.05,1920
01/03/2020,Mallorca,Getafe,0,1,A,3.61,2.99,2.28,1920
01/03/2020,Real Madrid,Barcelona,2,0,H,2.19,3.66,3.13,1920
06/03/2020,Alaves,Valencia,1,1,D,2.64,3.23,2.8,1920
07/03/2020,Eibar,Mallorca,1,2,A,1.72,3.69,5.13,1920
07/03/2020,Ath Madrid,Sevilla,2,2,D,1.94,3.25,4.45,1920
07/03/2020,Barcelona,Sociedad,1,0,H,1.36,5.38,7.91,1920
07/03/2020,Getafe,Celta,0,0,D,1.85,3.27,4.99,1920
08/03/2020,Osasuna,Espanol,1,0,H,2.43,3.23,3.06,1920
08/03/2020,Valladolid,Ath Bilbao,1,4,A,2.98,2.82,2.79,1920
08/03/2020,Levante,Granada,1,1,D,2.06,3.44,3.66,1920
08/03/2020,Villarreal,Leganes,1,2,A,1.74,3.7,4.97,1920
08/03/2020,Betis,Real Madrid,2,1,H,4.24,4.02,1.77,1920
10/03/2020,Eibar,Sociedad,1,2,A,3.34,3.33,2.24,1920
11/06/2020,Sevilla,Betis,2,0,H,1.85,3.68,4.35,1920
12/06/2020,Granada,Getafe,2,1,H,3.31,2.94,2.46,1920
12/06/2020,Valencia,Levante,1,1,D,1.73,4.08,4.48,1920
13/06/2020,Espanol,Alaves,2,0,H,2.1,3.2,3.83,1920
13/06/2020,Celta,Villarreal,0,1,A,2.59,3.35,2.75,1920
13/06/2020,Leganes,Valladolid,1,2,A,2.31,3.02,3.51,1920
13/06/2020,Mallorca,Barcelona,0,4,A,9.91,6,1.28,1920
14/06/2020,Ath Bilbao,Ath Madrid,1,1,D,3.74,2.96,2.27,1920
14/06/2020,Real Madrid,Eibar,3,1,H,1.24,6.41,11.84,1920
14/06/2020,Sociedad,Osasuna,1,1,D,1.69,3.89,5.01,1920
15/06/2020,Levante,Sevilla,1,1,D,5.09,3.98,1.67,1920
15/06/2020,Betis,Granada,2,2,D,1.94,3.48,4.11,1920
16/06/2020,Getafe,Espanol,0,0,D,2.01,3.14,4.32,1920
16/06/2020,Villarreal,Mallorca,1,0,H,1.52,4.45,6,1920
16/06/2020,Barcelona,Leganes,2,0,H,1.16,8.06,17.42,1920
17/06/2020,Eibar,Ath Bilbao,2,2,D,3.28,3.04,2.41,1920
17/06/2020,Valladolid,Celta,0,0,D,2.95,2.96,2.68,1920
17/06/2020,Osasuna,Ath Madrid,0,5,A,5.01,3.25,1.85,1920
18/06/2020,Alaves,Sociedad,2,0,H,4.16,3.37,1.95,1920
18/06/2020,Real Madrid,Valencia,3,0,H,1.38,5.09,7.71,1920
19/06/2020,Granada,Villarreal,0,1,A,3.12,3.19,2.43,1920
19/06/2020,Mallorca,Leganes,1,1,D,2.77,2.93,2.9,1920
19/06/2020,Sevilla,Barcelona,0,0,D,3.4,3.57,2.13,1920
20/06/2020,Espanol,Levante,1,3,A,1.99,3.51,3.85,1920
20/06/2020,Ath Bilbao,Betis,1,0,H,2.14,3.29,3.61,1920
20/06/2020,Getafe,Eibar,1,1,D,1.82,3.37,4.95,1920
20/06/2020,Ath Madrid,Valladolid,1,0,H,1.38,4.48,9.86,1920
21/06/2020,Celta,Alaves,6,0,H,1.94,3.25,4.48,1920
21/06/2020,Valencia,Osasuna,2,0,H,1.94,3.57,3.94,1920
21/06/2020,Sociedad,Real Madrid,1,2,A,4.16,4.14,1.77,1920
22/06/2020,Villarreal,Sevilla,2,2,D,2.61,3.42,2.67,1920
22/06/2020,Leganes,Granada,0,0,D,2.43,2.96,3.34,1920
23/06/2020,Levante,Ath Madrid,0,1,A,5.84,3.65,1.67,1920
23/06/2020,Valladolid,Getafe,1,1,D,3.39,2.81,2.53,1920
23/06/2020,Barcelona,Ath Bilbao,1,0,H,1.33,5.35,9.42,1920
24/06/2020,Alaves,Osasuna,0,1,A,2.63,3.07,2.91,1920
24/06/2020,Sociedad,Celta,0,1,A,2.07,3.23,3.92,1920
24/06/2020,Real Madrid,Mallorca,2,0,H,1.15,8.33,17.41,1920
25/06/2020,Eibar,Valencia,1,0,H,2.82,3.36,2.51,1920
25/06/2020,Betis,Espanol,1,0,H,2.2,3.36,3.34,1920
26/06/2020,Sevilla,Valladolid,1,1,D,1.43,4.32,8.86,1920
27/06/2020,Ath Bilbao,Mallorca,3,1,H,1.48,4.11,7.84,1920
27/06/2020,Celta,Barcelona,2,2,D,5.17,4.05,1.64,1920
27/06/2020,Osasuna,Leganes,2,1,H,2.35,2.98,3.48,1920
27/06/2020,Ath Madrid,Alaves,2,1,H,1.33,4.76,11.77,1920
28/06/2020,Levante,Betis,4,2,H,2.65,3.41,2.65,1920
28/06/2020,Villarreal,Valencia,2,0,H,2.2,3.54,3.21,1920
28/06/2020,Granada,Eibar,1,2,A,2.43,2.97,3.31,1920
28/06/2020,Espanol,Real Madrid,0,1,A,7.04,4.79,1.43,1920
29/06/2020,Getafe,Sociedad,2,1,H,2.51,3.04,3.1,1920
30/06/2020,Mallorca,Celta,5,1,H,3.22,3.13,2.41,1920
30/06/2020,Leganes,Sevilla,0,3,A,4.5,3.23,1.95,1920
30/06/2020,Barcelona,Ath Madrid,2,2,D,1.84,3.62,4.45,1920
01/07/2020,Alaves,Granada,0,2,A,2.34,3.01,3.46,1920
01/07/2020,Valencia,Ath Bilbao,0,2,A,2.51,3.05,3.1,1920
01/07/2020,Betis,Villarreal,0,2,A,2.81,3.49,2.46,1920
01/07/2020,Valladolid,Levante,0,0,D,2.4,3.23,3.1,1920
02/07/2020,Eibar,Osasuna,0,2,A,2.38,3.19,3.17,1920
02/07/2020,Sociedad,Espanol,2,1,H,1.9,3.42,4.36,1920
02/07/2020,Real Madrid,Getafe,1,0,H,1.38,4.83,8.76,1920
03/07/2020,Ath Madrid,Mallorca,3,0,H,1.3,5.39,11.01,1920
04/07/2020,Celta,Betis,1,1,D,2.18,3.4,3.38,1920
04/07/2020,Valladolid,Alaves,1,0,H,2.6,2.78,3.28,1920
04/07/2020,Granada,Valencia,2,2,D,2.89,3.22,2.55,1920
05/07/2020,Ath Bilbao,Real Madrid,0,1,A,5.12,3.74,1.71,1920
05/07/2020,Espanol,Leganes,0,1,A,2.66,2.98,2.97,1920
05/07/2020,Osasuna,Getafe,0,0,D,3.06,2.98,2.58,1920
05/07/2020,Villarreal,Barcelona,1,4,A,4.31,3.98,1.77,1920
06/07/2020,Levante,Sociedad,1,1,D,2.94,3.42,2.4,1920
06/07/2020,Sevilla,Eibar,1,0,H,1.46,4.36,7.41,1920
07/07/2020,Valencia,Valladolid,2,1,H,2.03,3.18,4.18,1920
07/07/2020,Celta,Ath Madrid,1,1,D,4.41,3.16,1.99,1920
08/07/2020,Betis,Osasuna,3,0,H,2.1,3.43,3.53,1920
08/07/2020,Getafe,Villarreal,1,3,A,2.61,3.08,2.91,1920
08/07/2020,Barcelona,Espanol,1,0,H,1.14,8.41,20.7,1920
09/07/2020,Eibar,Leganes,0,0,D,2.5,3.05,3.1,1920
09/07/2020,Mallorca,Levante,2,0,H,2.09,3.66,3.37,1920
09/07/2020,Ath Bilbao,Sevilla,1,2,A,3.05,3.02,2.55,1920
10/07/2020,Sociedad,Granada,2,3,A,1.74,3.7,4.88,1920
10/07/2020,Real Madrid,Alaves,2,0,H,1.22,6.33,13.66,1920
11/07/2020,Osasuna,Celta,2,1,H,3.1,3.11,2.46,1920
11/07/2020,Valladolid,Barcelona,0,1,A,9.63,4.99,1.34,1920
11/07/2020,Ath Madrid,Betis,1,0,H,1.49,4.18,7.41,1920
12/07/2020,Espanol,Eibar,0,2,A,3.39,3.24,2.25,1920
12/07/2020,Levante,Ath Bilbao,1,2,A,3.55,3.28,2.16,1920
12/07/2020,Leganes,Valencia,1,0,H,3.37,3.13,2.3,1920
12/07/2020,Sevilla,Mallorca,2,0,H,1.4,4.81,7.83,1920
13/07/2020,Alaves,Getafe,0,0,D,3.66,2.91,2.32,1920
13/07/2020,Villarreal,Sociedad,1,2,A,2.28,3.5,3.07,1920
13/07/2020,Granada,Real Madrid,1,2,A,7.12,4.51,1.45,1920
16/07/2020,Eibar,Valladolid,3,1,H,2.19,3.12,3.67,1920
16/07/2020,Ath Bilbao,Leganes,0,2,A,1.81,3.41,4.91,1920
16/07/2020,Barcelona,Osasuna,1,2,A,1.15,8,17.44,1920
16/07/2020,Betis,Alaves,1,2,A,2.35,3.25,3.16,1920
16/07/2020,Celta,Levante,2,3,A,1.61,4.23,5.16,1920
16/07/2020,Getafe,Ath Madrid,0,2,A,3.56,2.95,2.33,1920
16/07/2020,Mallorca,Granada,1,2,A,2.06,3.47,3.63,1920
16/07/2020,Real Madrid,Villarreal,2,1,H,1.45,4.79,6.61,1920
16/07/2020,Sociedad,Sevilla,0,0,D,2.41,3.42,2.91,1920
16/07/2020,Valencia,Espanol,1,0,H,1.54,4.21,6.22,1920
19/07/2020,Alaves,Barcelona,0,5,A,5.44,4.3,1.57,1920
19/07/2020,Valladolid,Betis,2,0,H,2.62,3.27,2.73,1920
19/07/2020,Villarreal,Eibar,4,0,H,1.51,4.4,6,1920
19/07/2020,Ath Madrid,Sociedad,1,1,D,1.99,3.27,4.1,1920
19/07/2020,Espanol,Celta,0,0,D,5.6,3.74,1.65,1920
19/07/2020,Granada,Ath Bilbao,4,0,H,2.03,3.47,3.7,1920
19/07/2020,Leganes,Real Madrid,2,2,D,2.73,3.58,2.43,1920
19/07/2020,Levante,Getafe,1,0,H,4.86,3.55,1.77,1920
19/07/2020,Osasuna,Mallorca,2,2,D,1.81,3.72,4.33,1920
19/07/2020,Sevilla,Valencia,1,0,H,1.93,3.63,3.88,1920
17/08/2018,Betis,Levante,0,3,A,1.68,4,4.95,1819
17/08/2018,Girona,Valladolid,0,0,D,1.78,3.6,4.79,1819
18/08/2018,Barcelona,Alaves,3,0,H,1.1,9.82,25.67,1819
18/08/2018,Celta,Espanol,1,1,D,1.9,3.53,4.2,1819
18/08/2018,Villarreal,Sociedad,1,2,A,2.03,3.43,3.76,1819
19/08/2018,Eibar,Huesca,1,2,A,1.7,3.77,5.08,1819
19/08/2018,Real Madrid,Getafe,2,0,H,1.21,6.66,14.13,1819
19/08/2018,Vallecano,Sevilla,1,4,A,3.38,3.56,2.11,1819
20/08/2018,Ath Bilbao,Leganes,2,1,H,1.78,3.43,5.03,1819
20/08/2018,Valencia,Ath Madrid,1,1,D,2.99,3.14,2.51,1819
24/08/2018,Getafe,Eibar,2,0,H,1.98,3.22,4.32,1819
24/08/2018,Leganes,Sociedad,2,2,D,3.57,3.25,2.18,1819
25/08/2018,Alaves,Betis,0,0,D,2.77,3.26,2.63,1819
25/08/2018,Ath Madrid,Vallecano,1,0,H,1.16,7.39,20.03,1819
25/08/2018,Valladolid,Barcelona,0,1,A,16.55,7.56,1.17,1819
26/08/2018,Espanol,Valencia,2,0,H,3.08,3.3,2.37,1819
26/08/2018,Girona,Real Madrid,1,4,A,8.29,5.2,1.36,1819
26/08/2018,Sevilla,Villarreal,0,0,D,1.76,3.87,4.51,1819
27/08/2018,Ath Bilbao,Huesca,2,2,D,1.63,3.75,5.95,1819
27/08/2018,Levante,Celta,1,2,A,2.49,3.25,2.93,1819
31/08/2018,Eibar,Sociedad,2,1,H,2.79,3.23,2.66,1819
31/08/2018,Getafe,Valladolid,0,0,D,1.91,3.18,4.86,1819
31/08/2018,Villarreal,Girona,0,1,A,1.57,4.08,6.19,1819
01/09/2018,Celta,Ath Madrid,2,0,H,4.83,3.58,1.78,1819
01/09/2018,Real Madrid,Leganes,4,1,H,1.12,9.31,23.88,1819
02/09/2018,Alaves,Espanol,2,1,H,2.91,3.08,2.63,1819
02/09/2018,Barcelona,Huesca,8,2,H,1.07,12.43,33.38,1819
02/09/2018,Betis,Sevilla,1,0,H,2.75,3.62,2.44,1819
02/09/2018,Levante,Valencia,2,2,D,3.51,3.5,2.09,1819
14/09/2018,Huesca,Vallecano,0,1,A,2.2,3.51,3.28,1819
15/09/2018,Ath Bilbao,Real Madrid,1,1,D,5.47,4.46,1.57,1819
15/09/2018,Ath Madrid,Eibar,1,1,D,1.37,4.56,10.12,1819
15/09/2018,Sociedad,Barcelona,1,2,A,6.8,5.08,1.42,1819
15/09/2018,Valencia,Betis,0,0,D,1.75,3.84,4.65,1819
16/09/2018,Espanol,Levante,1,0,H,1.78,3.7,4.66,1819
16/09/2018,Leganes,Villarreal,0,1,A,3.02,3.13,2.53,1819
16/09/2018,Sevilla,Getafe,0,2,A,1.56,4.01,6.25,1819
16/09/2018,Valladolid,Alaves,0,1,A,2.21,3.06,3.71,1819
17/09/2018,Girona,Celta,3,2,H,2.41,3.4,2.93,1819
21/09/2018,Huesca,Sociedad,0,1,A,3.62,3.4,2.1,1819
22/09/2018,Celta,Valladolid,3,3,D,1.73,3.63,5.18,1819
22/09/2018,Eibar,Leganes,1,0,H,2.06,3.23,3.95,1819
22/09/2018,Getafe,Ath Madrid,0,2,A,5.04,3.23,1.86,1819
22/09/2018,Real Madrid,Espanol,1,0,H,1.2,7.01,14.36,1819
22/09/2018,Vallecano,Alaves,1,5,A,2.12,3.41,3.55,1819
23/09/2018,Barcelona,Girona,2,2,D,1.08,11.57,27.69,1819
23/09/2018,Betis,Ath Bilbao,2,2,D,2.21,3.41,3.29,1819
23/09/2018,Levante,Sevilla,2,6,A,3.32,3.64,2.12,1819
23/09/2018,Villarreal,Valencia,0,0,D,2.31,3.38,3.14,1819
25/09/2018,Ath Madrid,Huesca,3,0,H,1.24,5.99,14.4,1819
25/09/2018,Espanol,Eibar,1,0,H,1.94,3.27,4.44,1819
25/09/2018,Sociedad,Vallecano,2,2,D,1.65,4.01,5.29,1819
26/09/2018,Ath Bilbao,Villarreal,0,3,A,2.17,3.38,3.43,1819
26/09/2018,Leganes,Barcelona,2,1,H,10.97,5.98,1.27,1819
26/09/2018,Sevilla,Real Madrid,3,0,H,4.16,4.23,1.76,1819
26/09/2018,Valencia,Celta,1,1,D,1.72,4.04,4.58,1819
27/09/2018,Alaves,Getafe,1,1,D,2.8,2.97,2.82,1819
27/09/2018,Girona,Betis,0,1,A,2.51,3.42,2.8,1819
27/09/2018,Valladolid,Levante,2,1,H,2.07,3.51,3.56,1819
28/09/2018,Vallecano,Espanol,2,2,D,2.74,3.27,2.67,1819
29/09/2018,Barcelona,Ath Bilbao,1,1,D,1.16,8.17,17.47,1819
29/09/2018,Eibar,Sevilla,1,3,A,3.22,3.41,2.25,1819
29/09/2018,Real Madrid,Ath Madrid,0,0,D,2.09,3.42,3.64,1819
29/09/2018,Sociedad,Valencia,0,1,A,2.29,3.44,3.13,1819
30/09/2018,Betis,Leganes,1,0,H,1.68,3.76,5.3,1819
30/09/2018,Huesca,Girona,1,1,D,2.47,3.24,2.99,1819
30/09/2018,Levante,Alaves,2,1,H,2.19,3.38,3.38,1819
30/09/2018,Villarreal,Valladolid,0,1,A,1.55,4.03,6.42,1819
01/10/2018,Celta,Getafe,1,1,D,2,3.36,3.95,1819
05/10/2018,Ath Bilbao,Sociedad,1,3,A,2.08,3.39,3.73,1819
06/10/2018,Alaves,Real Madrid,1,0,H,8.13,4.94,1.39,1819
06/10/2018,Getafe,Levante,0,1,A,1.73,3.71,5.1,1819
06/10/2018,Girona,Eibar,2,3,A,2.15,3.27,3.67,1819
06/10/2018,Leganes,Vallecano,1,0,H,2.09,3.3,3.78,1819
07/10/2018,Ath Madrid,Betis,1,0,H,1.49,3.95,8.15,1819
07/10/2018,Espanol,Villarreal,3,1,H,2.31,3.19,3.33,1819
07/10/2018,Sevilla,Celta,2,1,H,1.56,4.49,5.51,1819
07/10/2018,Valencia,Barcelona,1,1,D,4.68,4.12,1.69,1819
07/10/2018,Valladolid,Huesca,1,0,H,1.92,3.47,4.24,1819
19/10/2018,Celta,Alaves,0,1,A,1.73,3.77,4.89,1819
20/10/2018,Barcelona,Sevilla,4,2,H,1.34,5.96,7.5,1819
20/10/2018,Real Madrid,Levante,1,2,A,1.15,8.52,16.34,1819
20/10/2018,Valencia,Leganes,1,1,D,1.55,3.99,6.52,1819
20/10/2018,Villarreal,Ath Madrid,1,1,D,3.71,3.14,2.18,1819
21/10/2018,Betis,Valladolid,0,1,A,1.63,3.91,5.55,1819
21/10/2018,Eibar,Ath Bilbao,1,1,D,2.72,3.14,2.75,1819
21/10/2018,Huesca,Espanol,0,2,A,3.57,3.4,2.11,1819
21/10/2018,Vallecano,Getafe,1,2,A,2.93,3.19,2.55,1819
22/10/2018,Sociedad,Girona,0,0,D,1.68,3.88,5.04,1819
24/10/2018,Vallecano,Ath Bilbao,1,1,D,3.26,3.36,2.24,1819
26/10/2018,Valladolid,Espanol,1,1,D,3.3,3.14,2.35,1819
27/10/2018,Ath Bilbao,Valencia,0,0,D,2.6,3.22,2.83,1819
27/10/2018,Ath Madrid,Sociedad,2,0,H,1.53,3.9,7.19,1819
27/10/2018,Celta,Eibar,4,0,H,2.18,3.35,3.42,1819
27/10/2018,Girona,Vallecano,2,1,H,1.89,3.57,4.22,1819
27/10/2018,Levante,Leganes,2,0,H,2.15,3.33,3.51,1819
28/10/2018,Alaves,Villarreal,2,1,H,3.1,3.21,2.4,1819
28/10/2018,Barcelona,Real Madrid,5,1,H,1.97,3.74,3.65,1819
28/10/2018,Getafe,Betis,2,0,H,2.42,3.06,3.23,1819
28/10/2018,Sevilla,Huesca,2,1,H,1.24,6.3,11.99,1819
03/11/2018,Leganes,Ath Madrid,1,1,D,5.63,3.3,1.77,1819
03/11/2018,Real Madrid,Valladolid,2,0,H,1.19,7.34,13.95,1819
03/11/2018,Valencia,Girona,0,1,A,1.49,4.19,7.33,1819
03/11/2018,Vallecano,Barcelona,2,3,A,9.47,5.77,1.3,1819
04/11/2018,Betis,Celta,3,3,D,1.82,3.76,4.27,1819
04/11/2018,Eibar,Alaves,2,1,H,2.08,3.3,3.82,1819
04/11/2018,Huesca,Getafe,1,1,D,3.59,3.17,2.2,1819
04/11/2018,Sociedad,Sevilla,0,0,D,2.79,3.53,2.46,1819
04/11/2018,Villarreal,Levante,1,1,D,1.59,4.17,5.56,1819
05/11/2018,Espanol,Ath Bilbao,1,0,H,1.99,3.33,4.04,1819
09/11/2018,Levante,Sociedad,1,3,A,2.7,3.34,2.68,1819
10/11/2018,Ath Madrid,Ath Bilbao,3,2,H,1.46,4.02,8.67,1819
10/11/2018,Getafe,Valencia,0,1,A,2.84,3.05,2.73,1819
10/11/2018,Girona,Leganes,0,0,D,2.17,3.21,3.65,1819
10/11/2018,Valladolid,Eibar,0,0,D,2.35,3.23,3.23,1819
11/11/2018,Alaves,Huesca,2,1,H,1.85,3.46,4.59,1819
11/11/2018,Barcelona,Betis,3,4,A,1.21,7.1,12.6,1819
11/11/2018,Celta,Real Madrid,2,4,A,5.07,4.53,1.59,1819
11/11/2018,Sevilla,Espanol,2,1,H,1.79,3.7,4.58,1819
11/11/2018,Vallecano,Villarreal,2,2,D,3.11,3.43,2.29,1819
23/11/2018,Leganes,Alaves,1,0,H,2.27,3.08,3.57,1819
24/11/2018,Ath Madrid,Barcelona,1,1,D,3.03,3.31,2.41,1819
24/11/2018,Eibar,Real Madrid,3,0,H,5.71,4.54,1.53,1819
24/11/2018,Huesca,Levante,2,2,D,2.25,3.35,3.3,1819
24/11/2018,Valencia,Vallecano,3,0,H,1.44,4.59,7.25,1819
25/11/2018,Ath Bilbao,Getafe,1,1,D,2.08,3.25,3.85,1819
25/11/2018,Espanol,Girona,1,3,A,1.66,3.7,5.64,1819
25/11/2018,Sevilla,Valladolid,1,0,H,1.38,4.99,7.76,1819
25/11/2018,Villarreal,Betis,2,1,H,2.21,3.47,3.24,1819
26/11/2018,Sociedad,Celta,2,1,H,1.83,3.72,4.29,1819
30/11/2018,Vallecano,Eibar,1,0,H,3.01,3.41,2.37,1819
01/12/2018,Celta,Huesca,2,0,H,1.69,3.88,5.07,1819
01/12/2018,Getafe,Espanol,3,0,H,2.39,3.03,3.35,1819
01/12/2018,Real Madrid,Valencia,2,0,H,1.45,4.73,6.72,1819
01/12/2018,Valladolid,Leganes,2,4,A,2.41,3.01,3.35,1819
02/12/2018,Alaves,Sevilla,1,1,D,3.68,3.61,2,1819
02/12/2018,Barcelona,Villarreal,2,0,H,1.23,6.67,11.42,1819
02/12/2018,Betis,Sociedad,1,0,H,2.27,3.26,3.33,1819
02/12/2018,Girona,Ath Madrid,1,1,D,5.32,3.36,1.77,1819
03/12/2018,Levante,Ath Bilbao,3,0,H,2.74,3.36,2.58,1819
07/12/2018,Leganes,Getafe,1,1,D,2.68,2.92,3.02,1819
08/12/2018,Ath Madrid,Alaves,3,0,H,1.39,4.35,10.12,1819
08/12/2018,Espanol,Barcelona,0,4,A,6.09,4.44,1.52,1819
08/12/2018,Valencia,Sevilla,1,1,D,2.23,3.48,3.22,1819
08/12/2018,Villarreal,Celta,2,3,A,1.79,3.81,4.45,1819
09/12/2018,Betis,Vallecano,2,0,H,1.55,4.39,5.69,1819
09/12/2018,Eibar,Levante,4,4,D,1.78,3.84,4.46,1819
09/12/2018,Huesca,Real Madrid,0,1,A,9.13,5.62,1.31,1819
09/12/2018,Sociedad,Valladolid,1,2,A,1.61,3.78,6.11,1819
10/12/2018,Ath Bilbao,Girona,1,0,H,1.98,3.38,4.02,1819
14/12/2018,Celta,Leganes,0,0,D,1.86,3.46,4.59,1819
15/12/2018,Eibar,Valencia,1,1,D,2.69,3.21,2.74,1819
15/12/2018,Getafe,Sociedad,1,0,H,2.31,3.09,3.44,1819
15/12/2018,Real Madrid,Vallecano,1,0,H,1.15,8.8,16.27,1819
15/12/2018,Valladolid,Ath Madrid,2,3,A,5.7,3.41,1.73,1819
16/12/2018,Espanol,Betis,1,3,A,2.34,3.33,3.11,1819
16/12/2018,Huesca,Villarreal,2,2,D,3.29,3.4,2.21,1819
16/12/2018,Levante,Barcelona,0,5,A,10.22,6.58,1.25,1819
16/12/2018,Sevilla,Girona,2,0,H,1.45,4.6,6.95,1819
17/12/2018,Alaves,Ath Bilbao,0,0,D,2.88,3.15,2.59,1819
21/12/2018,Girona,Getafe,1,1,D,2.69,3.01,2.94,1819
21/12/2018,Sociedad,Alaves,0,1,A,1.79,3.49,5.05,1819
22/12/2018,Ath Bilbao,Valladolid,1,1,D,1.74,3.58,5.22,1819
22/12/2018,Ath Madrid,Espanol,1,0,H,1.42,4.13,9.74,1819
22/12/2018,Barcelona,Celta,2,0,H,1.12,9.83,19.17,1819
22/12/2018,Betis,Eibar,1,1,D,1.8,3.73,4.5,1819
23/12/2018,Leganes,Sevilla,1,1,D,3.28,3.23,2.3,1819
23/12/2018,Valencia,Huesca,2,1,H,1.4,4.59,8.51,1819
23/12/2018,Vallecano,Levante,2,1,H,2.11,3.77,3.24,1819
03/01/2019,Villarreal,Real Madrid,2,2,D,3.93,3.83,1.87,1819
04/01/2019,Espanol,Leganes,1,0,H,2.01,3.22,4.2,1819
04/01/2019,Levante,Girona,2,2,D,2.18,3.55,3.3,1819
05/01/2019,Alaves,Valencia,2,1,H,3.13,3.15,2.43,1819
05/01/2019,Huesca,Betis,2,1,H,3.24,3.4,2.25,1819
05/01/2019,Valladolid,Vallecano,0,1,A,2.09,3.35,3.71,1819
06/01/2019,Eibar,Villarreal,0,0,D,2.14,3.46,3.44,1819
06/01/2019,Getafe,Barcelona,1,2,A,7.62,5.01,1.4,1819
06/01/2019,Real Madrid,Sociedad,0,2,A,1.34,5.43,8.47,1819
06/01/2019,Sevilla,Ath Madrid,1,1,D,2.78,3.11,2.73,1819
07/01/2019,Celta,Ath Bilbao,1,2,A,2.44,3.27,2.99,1819
11/01/2019,Vallecano,Celta,4,2,H,2.53,3.23,2.93,1819
12/01/2019,Girona,Alaves,1,1,D,2.19,3.09,3.73,1819
12/01/2019,Leganes,Huesca,1,0,H,1.98,3.23,4.32,1819
12/01/2019,Valencia,Valladolid,1,1,D,1.57,3.89,6.63,1819
12/01/2019,Villarreal,Getafe,1,2,A,2.15,3.14,3.8,1819
13/01/2019,Ath Bilbao,Sevilla,2,0,H,2.71,3.25,2.69,1819
13/01/2019,Ath Madrid,Levante,1,0,H,1.27,5.75,11.97,1819
13/01/2019,Barcelona,Eibar,3,0,H,1.13,9.07,18.4,1819
13/01/2019,Betis,Real Madrid,1,2,A,3.26,3.74,2.11,1819
14/01/2019,Sociedad,Espanol,3,2,H,1.97,3.31,4.16,1819
18/01/2019,Getafe,Alaves,4,0,H,2.01,3.07,4.54,1819
19/01/2019,Celta,Valencia,1,2,A,3.04,3.22,2.45,1819
19/01/2019,Huesca,Ath Madrid,0,3,A,5.68,3.55,1.7,1819
19/01/2019,Real Madrid,Sevilla,2,0,H,1.74,4.1,4.42,1819
20/01/2019,Barcelona,Leganes,3,1,H,1.13,8.86,21.43,1819
20/01/2019,Betis,Girona,3,2,H,1.64,3.9,5.51,1819
20/01/2019,Levante,Valladolid,2,0,H,2.08,3.55,3.5,1819
20/01/2019,Vallecano,Sociedad,2,2,D,2.81,3.46,2.49,1819
20/01/2019,Villarreal,Ath Bilbao,1,1,D,2.24,3.31,3.36,1819
21/01/2019,Eibar,Espanol,3,0,H,2.06,3.34,3.79,1819
26/01/2019,Ath Madrid,Getafe,2,0,H,1.58,3.67,7.21,1819
26/01/2019,Leganes,Eibar,2,2,D,2.68,2.98,2.96,1819
26/01/2019,Sevilla,Levante,5,0,H,1.55,4.38,5.8,1819
26/01/2019,Valencia,Villarreal,3,0,H,1.88,3.55,4.28,1819
27/01/2019,Ath Bilbao,Betis,1,0,H,2.1,3.37,3.64,1819
27/01/2019,Espanol,Real Madrid,2,4,A,4.21,3.86,1.8,1819
27/01/2019,Girona,Barcelona,0,2,A,8.79,5.34,1.34,1819
27/01/2019,Sociedad,Huesca,0,0,D,1.61,3.96,5.68,1819
27/01/2019,Valladolid,Celta,2,1,H,2.42,3.2,3.1,1819
28/01/2019,Alaves,Vallecano,0,1,A,2.2,3.27,3.47,1819
01/02/2019,Huesca,Valladolid,4,0,H,2.28,3.16,3.45,1819
02/02/2019,Barcelona,Valencia,2,2,D,1.29,6.05,9.31,1819
02/02/2019,Celta,Sevilla,1,0,H,3.61,3.61,2.02,1819
02/02/2019,Levante,Getafe,0,0,D,2.39,3.33,3.05,1819
02/02/2019,Sociedad,Ath Bilbao,2,1,H,2.35,3.18,3.25,1819
03/02/2019,Betis,Ath Madrid,1,0,H,3.9,3.31,2.04,1819
03/02/2019,Eibar,Girona,3,0,H,1.71,3.86,4.9,1819
03/02/2019,Real Madrid,Alaves,3,0,H,1.22,6.53,12.8,1819
03/02/2019,Villarreal,Espanol,2,2,D,1.81,3.79,4.34,1819
04/02/2019,Vallecano,Leganes,1,2,A,2.34,3.13,3.31,1819
08/02/2019,Valladolid,Villarreal,0,0,D,2.99,3.24,2.48,1819
09/02/2019,Ath Madrid,Real Madrid,1,3,A,2.42,3.25,3.06,1819
09/02/2019,Espanol,Vallecano,2,1,H,1.82,3.62,4.51,1819
09/02/2019,Getafe,Celta,3,1,H,1.94,3.32,4.36,1819
09/02/2019,Girona,Huesca,0,2,A,1.98,3.35,4.1,1819
10/02/2019,Ath Bilbao,Barcelona,0,0,D,4.66,3.86,1.74,1819
10/02/2019,Leganes,Betis,3,0,H,2.34,3.1,3.36,1819
10/02/2019,Sevilla,Eibar,2,2,D,1.68,4.02,4.92,1819
10/02/2019,Valencia,Sociedad,0,0,D,1.82,3.58,4.54,1819
11/02/2019,Alaves,Levante,2,0,H,2.06,3.47,3.65,1819
15/02/2019,Eibar,Getafe,2,2,D,2.09,3.12,4.07,1819
16/02/2019,Barcelona,Valladolid,1,0,H,1.16,8.08,17.25,1819
16/02/2019,Celta,Levante,1,4,A,1.82,3.85,4.2,1819
16/02/2019,Sociedad,Leganes,3,0,H,2.07,3.13,4.06,1819
16/02/2019,Vallecano,Ath Madrid,0,1,A,5.51,3.7,1.68,1819
17/02/2019,Betis,Alaves,1,1,D,1.8,3.42,5,1819
17/02/2019,Real Madrid,Girona,1,2,A,1.2,7.03,14.12,1819
17/02/2019,Valencia,Espanol,0,0,D,1.77,3.63,4.81,1819
17/02/2019,Villarreal,Sevilla,3,0,H,2.54,3.45,2.75,1819
18/02/2019,Huesca,Ath Bilbao,0,1,A,3.11,3.12,2.45,1819
22/02/2019,Espanol,Huesca,1,1,D,1.76,3.64,4.96,1819
23/02/2019,Alaves,Celta,0,0,D,2.31,3.29,3.22,1819
23/02/2019,Ath Bilbao,Eibar,1,0,H,2.12,3.19,3.82,1819
23/02/2019,Getafe,Vallecano,2,1,H,1.74,3.53,5.28,1819
23/02/2019,Sevilla,Barcelona,2,4,A,3.62,3.91,1.94,1819
24/02/2019,Ath Madrid,Villarreal,2,0,H,1.57,3.92,6.34,1819
24/02/2019,Leganes,Valencia,1,1,D,2.84,3.03,2.73,1819
24/02/2019,Levante,Real Madrid,1,2,A,5.54,4.56,1.54,1819
24/02/2019,Valladolid,Betis,0,2,A,2.67,3.17,2.78,1819
25/02/2019,Girona,Sociedad,0,0,D,2.46,3.27,2.98,1819
01/03/2019,Vallecano,Girona,0,2,A,2.29,3.33,3.25,1819
02/03/2019,Espanol,Valladolid,3,1,H,1.8,3.52,4.83,1819
02/03/2019,Huesca,Sevilla,2,1,H,3.85,3.6,1.96,1819
02/03/2019,Real Madrid,Barcelona,0,1,A,2.71,3.71,2.46,1819
02/03/2019,Villarreal,Alaves,1,2,A,1.67,3.86,5.31,1819
03/03/2019,Betis,Getafe,1,2,A,2.37,3.02,3.38,1819
03/03/2019,Eibar,Celta,1,0,H,1.76,3.82,4.6,1819
03/03/2019,Sociedad,Ath Madrid,0,2,A,3.71,3.28,2.11,1819
03/03/2019,Valencia,Ath Bilbao,2,0,H,2,3.23,4.22,1819
04/03/2019,Leganes,Levante,1,0,H,1.92,3.42,4.24,1819
08/03/2019,Ath Bilbao,Espanol,1,1,D,1.67,3.64,5.86,1819
09/03/2019,Alaves,Eibar,1,1,D,2.94,3.06,2.64,1819
09/03/2019,Ath Madrid,Leganes,1,0,H,1.46,4.1,8.62,1819
09/03/2019,Barcelona,Vallecano,3,1,H,1.15,8.24,17.91,1819
09/03/2019,Getafe,Huesca,2,1,H,1.63,3.77,6.03,1819
10/03/2019,Celta,Betis,0,1,A,2.48,3.27,2.97,1819
10/03/2019,Girona,Valencia,2,3,A,3.15,3.23,2.39,1819
10/03/2019,Levante,Villarreal,0,2,A,2.79,3.45,2.51,1819
10/03/2019,Sevilla,Sociedad,5,2,H,1.66,4.1,4.98,1819
10/03/2019,Valladolid,Real Madrid,1,4,A,5.12,4.21,1.63,1819
15/03/2019,Sociedad,Levante,1,1,D,1.86,3.58,4.36,1819
16/03/2019,Ath Bilbao,Ath Madrid,2,0,H,3.69,2.98,2.26,1819
16/03/2019,Huesca,Alaves,1,3,A,2.47,3.18,3.03,1819
16/03/2019,Leganes,Girona,0,2,A,2.13,3.13,3.86,1819
16/03/2019,Real Madrid,Celta,2,0,H,1.2,7.17,13.69,1819
17/03/2019,Betis,Barcelona,1,4,A,6.37,4.91,1.45,1819
17/03/2019,Eibar,Valladolid,1,2,A,1.64,3.82,5.73,1819
17/03/2019,Espanol,Sevilla,0,1,A,2.51,3.5,2.76,1819
17/03/2019,Valencia,Getafe,0,0,D,1.96,3.23,4.37,1819
17/03/2019,Villarreal,Vallecano,3,1,H,1.63,4.15,5.18,1819
29/03/2019,Girona,Ath Bilbao,1,2,A,2.89,2.95,2.78,1819
30/03/2019,Alaves,Ath Madrid,0,4,A,5.2,3.37,1.79,1819
30/03/2019,Barcelona,Espanol,2,0,H,1.18,7.73,14.41,1819
30/03/2019,Celta,Villarreal,3,2,H,2.62,3.29,2.77,1819
30/03/2019,Getafe,Leganes,0,2,A,1.94,3.16,4.65,1819
31/03/2019,Levante,Eibar,2,2,D,2.74,3.56,2.51,1819
31/03/2019,Real Madrid,Huesca,3,2,H,1.13,9.33,18.8,1819
31/03/2019,Sevilla,Valencia,0,1,A,2.1,3.52,3.49,1819
31/03/2019,Valladolid,Sociedad,1,1,D,2.62,3.11,2.92,1819
31/03/2019,Vallecano,Betis,1,1,D,2.77,3.49,2.5,1819
02/04/2019,Ath Madrid,Girona,2,0,H,1.38,4.54,9.78,1819
02/04/2019,Espanol,Getafe,1,1,D,2.45,3.1,3.16,1819
02/04/2019,Villarreal,Barcelona,4,4,D,5.04,4.15,1.65,1819
03/04/2019,Ath Bilbao,Levante,3,2,H,1.61,3.98,5.75,1819
03/04/2019,Eibar,Vallecano,2,1,H,1.64,3.99,5.29,1819
03/04/2019,Huesca,Celta,3,3,D,2.64,3.35,2.72,1819
03/04/2019,Valencia,Real Madrid,2,1,H,3.3,3.65,2.13,1819
04/04/2019,Leganes,Valladolid,1,0,H,1.93,3.22,4.57,1819
04/04/2019,Sevilla,Alaves,2,0,H,1.52,4.38,6.24,1819
04/04/2019,Sociedad,Betis,2,1,H,2.21,3.37,3.36,1819
06/04/2019,Barcelona,Ath Madrid,2,0,H,1.76,3.76,4.73,1819
06/04/2019,Girona,Espanol,1,2,A,2.49,3.17,3.04,1819
06/04/2019,Real Madrid,Eibar,2,1,H,1.3,6,9.1,1819
06/04/2019,Vallecano,Valencia,2,0,H,3.9,3.61,1.95,1819
07/04/2019,Alaves,Leganes,1,1,D,2.49,2.98,3.25,1819
07/04/2019,Betis,Villarreal,2,1,H,2.27,3.46,3.17,1819
07/04/2019,Celta,Sociedad,3,1,H,2.37,3.42,3.01,1819
07/04/2019,Getafe,Ath Bilbao,1,0,H,2.36,2.97,3.51,1819
07/04/2019,Levante,Huesca,2,2,D,1.98,3.74,3.64,1819
07/04/2019,Valladolid,Sevilla,0,2,A,3.37,3.48,2.16,1819
13/04/2019,Ath Madrid,Celta,2,0,H,1.39,4.63,8.97,1819
13/04/2019,Espanol,Alaves,2,1,H,1.82,3.49,4.8,1819
13/04/2019,Huesca,Barcelona,0,0,D,4.7,4,1.72,1819
13/04/2019,Sevilla,Betis,3,2,H,1.7,4.13,4.65,1819
14/04/2019,Ath Bilbao,Vallecano,3,2,H,1.64,4.02,5.35,1819
14/04/2019,Girona,Villarreal,0,1,A,2.5,3.44,2.83,1819
14/04/2019,Sociedad,Eibar,1,1,D,2.28,3.42,3.17,1819
14/04/2019,Valencia,Levante,3,1,H,1.51,4.58,6.1,1819
14/04/2019,Valladolid,Getafe,2,2,D,3.23,2.97,2.5,1819
15/04/2019,Leganes,Real Madrid,1,1,D,5.08,4.15,1.64,1819
19/04/2019,Alaves,Valladolid,2,2,D,2.17,3.15,3.75,1819
20/04/2019,Barcelona,Sociedad,2,1,H,1.23,6.74,11.64,1819
20/04/2019,Celta,Girona,2,1,H,2,3.72,3.61,1819
20/04/2019,Eibar,Ath Madrid,0,1,A,3.12,3.11,2.47,1819
20/04/2019,Vallecano,Huesca,0,0,D,2.06,3.71,3.42,1819
21/04/2019,Betis,Valencia,1,2,A,2.88,3.37,2.47,1819
21/04/2019,Getafe,Sevilla,3,0,H,3.12,3.3,2.35,1819
21/04/2019,Levante,Espanol,2,2,D,2.3,3.62,2.97,1819
21/04/2019,Real Madrid,Ath Bilbao,3,0,H,1.49,4.41,6.67,1819
21/04/2019,Villarreal,Leganes,2,1,H,1.78,3.67,4.71,1819
23/04/2019,Alaves,Barcelona,0,2,A,6.96,5.01,1.43,1819
23/04/2019,Huesca,Eibar,2,0,H,2.33,3.55,3,1819
23/04/2019,Valladolid,Girona,1,0,H,2.35,3.25,3.22,1819
24/04/2019,Ath Madrid,Valencia,3,2,H,1.86,3.43,4.63,1819
24/04/2019,Espanol,Celta,1,1,D,2.27,3.4,3.19,1819
24/04/2019,Leganes,Ath Bilbao,0,1,A,2.69,2.99,2.93,1819
24/04/2019,Levante,Betis,4,0,H,2.5,3.58,2.73,1819
25/04/2019,Getafe,Real Madrid,0,0,D,4.08,3.71,1.87,1819
25/04/2019,Sevilla,Vallecano,5,0,H,1.33,5.51,8.63,1819
25/04/2019,Sociedad,Villarreal,0,1,A,2.43,3.46,2.88,1819
27/04/2019,Ath Bilbao,Alaves,1,1,D,1.52,4.13,6.86,1819
27/04/2019,Ath Madrid,Valladolid,1,0,H,1.35,4.64,10.77,1819
27/04/2019,Barcelona,Levante,1,0,H,1.26,6.23,10.41,1819
27/04/2019,Leganes,Celta,0,0,D,2.46,3.18,3.07,1819
28/04/2019,Girona,Sevilla,1,0,H,4.21,3.65,1.86,1819
28/04/2019,Sociedad,Getafe,2,1,H,2.57,3.17,2.91,1819
28/04/2019,Valencia,Eibar,0,1,A,1.45,4.81,6.58,1819
28/04/2019,Vallecano,Real Madrid,1,0,H,6.65,4.91,1.44,1819
28/04/2019,Villarreal,Huesca,1,1,D,1.58,4.3,5.52,1819
29/04/2019,Betis,Espanol,1,1,D,2.27,3.45,3.11,1819
03/05/2019,Sevilla,Leganes,0,3,A,1.39,4.9,8.21,1819
04/05/2019,Alaves,Sociedad,0,1,A,2.58,3.2,2.88,1819
04/05/2019,Celta,Barcelona,2,0,H,2.12,3.65,3.32,1819
04/05/2019,Espanol,Ath Madrid,3,0,H,3.69,3.28,2.12,1819
04/05/2019,Levante,Vallecano,4,1,H,1.95,3.96,3.52,1819
05/05/2019,Eibar,Betis,1,0,H,2.03,3.59,3.59,1819
05/05/2019,Getafe,Girona,2,0,H,1.81,3.44,4.9,1819
05/05/2019,Huesca,Valencia,2,6,A,3.35,3.54,2.13,1819
05/05/2019,Real Madrid,Villarreal,3,2,H,1.69,4.04,4.78,1819
05/05/2019,Valladolid,Ath Bilbao,1,0,H,2.84,3.07,2.68,1819
12/05/2019,Ath Bilbao,Celta,3,1,H,2.01,3.45,3.84,1819
12/05/2019,Ath Madrid,Sevilla,1,1,D,2.11,3.52,3.48,1819
12/05/2019,Barcelona,Getafe,2,0,H,1.53,4.37,5.96,1819
12/05/2019,Betis,Huesca,2,1,H,1.57,4.55,5.23,1819
12/05/2019,Girona,Levante,1,2,A,2.22,3.58,3.15,1819
12/05/2019,Leganes,Espanol,0,2,A,2.49,3.29,2.92,1819
12/05/2019,Sociedad,Real Madrid,3,1,H,3,3.69,2.26,1819
12/05/2019,Valencia,Alaves,3,1,H,1.39,5.14,7.52,1819
12/05/2019,Vallecano,Valladolid,1,2,A,4.02,3.88,1.85,1819
12/05/2019,Villarreal,Eibar,1,0,H,1.61,4.36,5.01,1819
18/05/2019,Alaves,Girona,2,1,H,2.31,3.56,2.99,1819
18/05/2019,Celta,Vallecano,2,2,D,1.47,4.76,6.31,1819
18/05/2019,Espanol,Sociedad,2,0,H,2.27,3.57,3.05,1819
18/05/2019,Getafe,Villarreal,2,2,D,1.64,4.11,5.14,1819
18/05/2019,Huesca,Leganes,2,1,H,2.53,3.55,2.7,1819
18/05/2019,Levante,Ath Madrid,2,2,D,3.55,3.78,2,1819
18/05/2019,Sevilla,Ath Bilbao,2,0,H,1.87,3.4,4.59,1819
18/05/2019,Valladolid,Valencia,0,2,A,7.8,4.84,1.4,1819
19/05/2019,Eibar,Barcelona,2,2,D,3.73,4.03,1.88,1819
19/05/2019,Real Madrid,Betis,0,2,A,1.58,4.73,4.91,1819
18/08/17,Leganes,Alaves,1,0,H,2.03,3.15,4.17,1718
18/08/17,Valencia,Las Palmas,1,0,H,1.77,3.86,4.46,1718
19/08/17,Celta,Sociedad,2,3,A,2.39,3.32,3.01,1718
19/08/17,Girona,Ath Madrid,2,2,D,7.53,4.17,1.48,1718
19/08/17,Sevilla,Espanol,1,1,D,1.63,3.93,5.58,1718
20/08/17,Ath Bilbao,Getafe,0,0,D,1.5,4.17,6.94,1718
20/08/17,Barcelona,Betis,2,0,H,1.19,7.11,13.85,1718
20/08/17,La Coruna,Real Madrid,0,3,A,9.68,5.44,1.31,1718
21/08/17,Levante,Villarreal,1,0,H,3.26,3.17,2.31,1718
21/08/17,Malaga,Eibar,0,1,A,2.18,3.26,3.43,1718
25/08/17,Betis,Celta,2,1,H,2.25,3.37,3.25,1718
25/08/17,Sociedad,Villarreal,3,0,H,2.09,3.37,3.67,1718
26/08/17,Alaves,Barcelona,0,2,A,10.19,5.56,1.3,1718
26/08/17,Girona,Malaga,1,0,H,2.16,3.25,3.59,1718
26/08/17,Las Palmas,Ath Madrid,1,5,A,4.76,3.65,1.77,1718
26/08/17,Levante,La Coruna,2,2,D,2.2,3.2,3.53,1718
27/08/17,Eibar,Ath Bilbao,0,1,A,2.55,3.18,2.9,1718
27/08/17,Espanol,Leganes,0,1,A,1.96,3.25,4.33,1718
27/08/17,Getafe,Sevilla,0,1,A,3.47,3.42,2.13,1718
27/08/17,Real Madrid,Valencia,2,2,D,1.17,8.29,14.23,1718
08/09/17,Leganes,Getafe,1,2,A,2.07,3.2,3.95,1718
09/09/17,Barcelona,Espanol,5,0,H,1.17,7.74,16.05,1718
09/09/17,Real Madrid,Levante,1,1,D,1.07,12.92,29.97,1718
09/09/17,Sevilla,Eibar,3,0,H,1.6,4.06,5.64,1718
09/09/17,Valencia,Ath Madrid,0,0,D,3.45,3.29,2.19,1718
10/09/17,Ath Bilbao,Girona,2,0,H,1.68,3.81,5.18,1718
10/09/17,Celta,Alaves,1,0,H,1.74,3.65,4.94,1718
10/09/17,La Coruna,Sociedad,2,4,A,2.76,3.33,2.58,1718
10/09/17,Villarreal,Betis,3,1,H,1.88,3.51,4.33,1718
11/09/17,Malaga,Las Palmas,1,3,A,2,3.52,3.7,1718
15/09/17,Eibar,Leganes,1,0,H,2.09,3.2,3.86,1718
16/09/17,Ath Madrid,Malaga,1,0,H,1.23,6.11,14.28,1718
16/09/17,Betis,La Coruna,2,1,H,1.87,3.57,4.28,1718
16/09/17,Getafe,Barcelona,1,2,A,11.38,6.39,1.24,1718
16/09/17,Levante,Valencia,1,1,D,3.11,3.27,2.37,1718
17/09/17,Alaves,Villarreal,0,3,A,3.13,3.16,2.41,1718
17/09/17,Girona,Sevilla,0,1,A,3.15,3.37,2.29,1718
17/09/17,Las Palmas,Ath Bilbao,1,0,H,2.76,3.33,2.56,1718
17/09/17,Sociedad,Real Madrid,1,3,A,4.72,4.18,1.67,1718
18/09/17,Espanol,Celta,2,1,H,2.33,3.29,3.14,1718
19/09/17,Barcelona,Eibar,6,1,H,1.11,9.97,21.12,1718
19/09/17,Valencia,Malaga,5,0,H,1.54,4.15,6.27,1718
20/09/17,Ath Bilbao,Ath Madrid,1,2,A,3.39,3.19,2.26,1718
20/09/17,La Coruna,Alaves,1,0,H,1.89,3.43,4.32,1718
20/09/17,Leganes,Girona,0,0,D,2.17,3.16,3.68,1718
20/09/17,Real Madrid,Betis,0,1,A,1.11,10.31,20.33,1718
20/09/17,Sevilla,Las Palmas,1,0,H,1.42,4.81,7.3,1718
21/09/17,Celta,Getafe,1,1,D,1.78,3.68,4.55,1718
21/09/17,Levante,Sociedad,3,0,H,3,3.35,2.36,1718
21/09/17,Villarreal,Espanol,0,0,D,1.74,3.61,4.92,1718
23/09/17,Alaves,Real Madrid,1,2,A,16.3,7.59,1.17,1718
23/09/17,Ath Madrid,Sevilla,2,0,H,1.58,3.99,5.93,1718
23/09/17,Girona,Barcelona,0,3,A,11.56,6.07,1.25,1718
23/09/17,Malaga,Ath Bilbao,3,3,D,2.93,3.23,2.47,1718
24/09/17,Eibar,Celta,0,4,A,2.24,3.33,3.28,1718
24/09/17,Espanol,La Coruna,4,1,H,1.95,3.48,3.97,1718
24/09/17,Getafe,Villarreal,4,0,H,2.84,3.16,2.6,1718
24/09/17,Las Palmas,Leganes,0,2,A,2.08,3.28,3.74,1718
24/09/17,Sociedad,Valencia,2,3,A,2.25,3.54,3.07,1718
25/09/17,Betis,Levante,4,0,H,1.81,3.52,4.62,1718
29/09/17,Celta,Girona,3,3,D,1.72,3.68,5.06,1718
30/09/17,La Coruna,Getafe,2,1,H,2.23,3.32,3.29,1718
30/09/17,Leganes,Ath Madrid,0,0,D,6.85,3.63,1.58,1718
30/09/17,Levante,Alaves,0,2,A,1.83,3.48,4.52,1718
30/09/17,Sevilla,Malaga,2,0,H,1.33,5.17,8.92,1718
01/10/17,Barcelona,Las Palmas,3,0,H,1.07,12.47,27.6,1718
01/10/17,Real Madrid,Espanol,2,0,H,1.1,10.51,21.03,1718
01/10/17,Sociedad,Betis,4,4,D,1.92,3.67,3.81,1718
01/10/17,Valencia,Ath Bilbao,3,2,H,1.88,3.58,4.07,1718
01/10/17,Villarreal,Eibar,3,0,H,1.82,3.59,4.43,1718
13/10/17,Espanol,Levante,0,0,D,1.77,3.59,4.84,1718
14/10/17,Alaves,Sociedad,0,2,A,3.37,3.39,2.17,1718
14/10/17,Ath Bilbao,Sevilla,1,0,H,2.46,3.3,2.9,1718
14/10/17,Ath Madrid,Barcelona,1,1,D,2.91,3.36,2.44,1718
14/10/17,Getafe,Real Madrid,1,2,A,9.83,5.74,1.29,1718
15/10/17,Betis,Valencia,3,6,A,2.55,3.48,2.65,1718
15/10/17,Eibar,La Coruna,0,0,D,2,3.49,3.76,1718
15/10/17,Girona,Villarreal,1,2,A,2.78,3.16,2.64,1718
15/10/17,Malaga,Leganes,0,2,A,2.32,3.12,3.3,1718
16/10/17,Las Palmas,Celta,2,5,A,2.4,3.36,2.92,1718
21/10/17,Barcelona,Malaga,2,0,H,1.07,13.17,27.68,1718
21/10/17,Betis,Alaves,2,0,H,1.58,4.04,5.82,1718
21/10/17,Levante,Getafe,1,1,D,2.41,3.14,3.13,1718
21/10/17,Valencia,Sevilla,4,0,H,1.93,3.71,3.77,1718
22/10/17,Celta,Ath Madrid,0,1,A,4.18,3.38,1.93,1718
22/10/17,Leganes,Ath Bilbao,1,0,H,2.46,3.04,3.13,1718
22/10/17,Real Madrid,Eibar,3,0,H,1.09,10.99,23.03,1718
22/10/17,Villarreal,Las Palmas,4,0,H,1.52,4.26,6.26,1718
23/10/17,La Coruna,Girona,1,2,A,2.01,3.37,3.76,1718
23/10/17,Sociedad,Espanol,1,1,D,1.82,3.66,4.28,1718
28/10/17,Alaves,Valencia,1,2,A,5.47,3.9,1.63,1718
28/10/17,Ath Bilbao,Barcelona,0,2,A,6.8,4.63,1.45,1718
28/10/17,Ath Madrid,Villarreal,1,1,D,1.53,4.01,6.73,1718
28/10/17,Sevilla,Leganes,2,1,H,1.6,3.83,6.09,1718
29/10/17,Eibar,Levante,2,2,D,1.94,3.36,4.15,1718
29/10/17,Getafe,Sociedad,2,1,H,2.51,3.28,2.84,1718
29/10/17,Girona,Real Madrid,2,1,H,10.6,6.16,1.26,1718
29/10/17,Malaga,Celta,2,1,H,2.93,3.42,2.37,1718
30/10/17,Espanol,Betis,1,0,H,2.23,3.37,3.24,1718
30/10/17,Las Palmas,La Coruna,1,3,A,2.15,3.52,3.28,1718
03/11/17,Betis,Getafe,2,2,D,2,3.5,3.77,1718
04/11/17,Alaves,Espanol,1,0,H,2.86,3.05,2.66,1718
04/11/17,Barcelona,Sevilla,2,1,H,1.21,7.25,11.51,1718
04/11/17,La Coruna,Ath Madrid,0,1,A,4.64,3.57,1.8,1718
04/11/17,Valencia,Leganes,3,0,H,1.51,4.16,6.63,1718
05/11/17,Celta,Ath Bilbao,3,1,H,2.09,3.41,3.56,1718
05/11/17,Levante,Girona,1,2,A,2.41,3.24,3.05,1718
05/11/17,Real Madrid,Las Palmas,3,0,H,1.07,13.27,25.28,1718
05/11/17,Sociedad,Eibar,3,1,H,1.59,4.08,5.55,1718
05/11/17,Villarreal,Malaga,2,0,H,1.55,4.22,5.91,1718
17/11/17,Girona,Sociedad,1,1,D,2.85,3.46,2.43,1718
18/11/17,Ath Madrid,Real Madrid,0,0,D,3.22,3.39,2.25,1718
18/11/17,Getafe,Alaves,4,1,H,1.82,3.39,4.86,1718
18/11/17,Leganes,Barcelona,0,3,A,9.1,5.09,1.34,1718
18/11/17,Sevilla,Celta,2,1,H,1.74,3.89,4.56,1718
19/11/17,Ath Bilbao,Villarreal,1,1,D,2.22,3.3,3.33,1718
19/11/17,Espanol,Valencia,0,2,A,3.19,3.36,2.26,1718
19/11/17,Las Palmas,Levante,0,2,A,1.91,3.53,4.02,1718
19/11/17,Malaga,La Coruna,3,2,H,2.33,3.3,3.14,1718
20/11/17,Eibar,Betis,5,0,H,2.41,3.36,2.92,1718
24/11/17,Celta,Leganes,1,0,H,1.95,3.34,4.15,1718
25/11/17,Alaves,Eibar,1,2,A,2.58,3.04,2.96,1718
25/11/17,Betis,Girona,2,2,D,2.03,3.59,3.55,1718
25/11/17,Levante,Ath Madrid,0,5,A,6.96,3.76,1.56,1718
25/11/17,Real Madrid,Malaga,3,2,H,1.08,11.91,24.24,1718
26/11/17,La Coruna,Ath Bilbao,2,2,D,2.71,3.26,2.65,1718
26/11/17,Sociedad,Las Palmas,2,2,D,1.42,4.91,6.83,1718
26/11/17,Valencia,Barcelona,1,1,D,3.97,3.84,1.85,1718
26/11/17,Villarreal,Sevilla,2,3,A,2.38,3.3,3,1718
27/11/17,Espanol,Getafe,1,0,H,2.05,3.26,3.83,1718
01/12/17,Malaga,Levante,0,0,D,1.75,3.66,4.85,1718
02/12/17,Ath Bilbao,Real Madrid,0,0,D,6.76,4.56,1.46,1718
02/12/17,Ath Madrid,Sociedad,2,1,H,1.53,4.08,6.58,1718
02/12/17,Barcelona,Celta,2,2,D,1.13,9.06,18.42,1718
02/12/17,Sevilla,La Coruna,2,0,H,1.44,4.67,6.98,1718
03/12/17,Eibar,Espanol,3,1,H,2.35,3.14,3.22,1718
03/12/17,Getafe,Valencia,1,0,H,2.96,3.37,2.39,1718
03/12/17,Las Palmas,Betis,1,0,H,2.21,3.54,3.11,1718
03/12/17,Leganes,Villarreal,3,1,H,2.78,3.13,2.66,1718
04/12/17,Girona,Alaves,2,3,A,1.63,3.77,5.69,1718
08/12/17,Alaves,Las Palmas,2,0,H,2.28,3.27,3.31,1718
09/12/17,Getafe,Eibar,0,0,D,2.03,3.34,3.88,1718
09/12/17,La Coruna,Leganes,1,0,H,2.36,3.2,3.21,1718
09/12/17,Real Madrid,Sevilla,5,0,H,1.31,5.86,8.54,1718
09/12/17,Valencia,Celta,2,1,H,1.69,4.08,4.72,1718
10/12/17,Betis,Ath Madrid,0,1,A,4.83,3.74,1.74,1718
10/12/17,Levante,Ath Bilbao,1,2,A,3.32,3.27,2.27,1718
10/12/17,Sociedad,Malaga,0,2,A,1.53,4.33,6.14,1718
10/12/17,Villarreal,Barcelona,0,2,A,5.66,4.42,1.55,1718
11/12/17,Espanol,Girona,0,1,A,2.01,3.36,3.88,1718
15/12/17,Sevilla,Levante,0,0,D,1.32,5.46,9.65,1718
16/12/17,Ath Bilbao,Sociedad,0,0,D,2.22,3.4,3.28,1718
16/12/17,Ath Madrid,Alaves,1,0,H,1.21,6.08,16.43,1718
16/12/17,Eibar,Valencia,2,1,H,2.79,3.31,2.57,1718
17/12/17,Barcelona,La Coruna,4,0,H,1.09,11.67,24.88,1718
17/12/17,Celta,Villarreal,0,1,A,2.35,3.39,3.05,1718
17/12/17,Girona,Getafe,1,0,H,2.18,3.33,3.44,1718
17/12/17,Las Palmas,Espanol,2,2,D,2.5,3.3,2.87,1718
18/12/17,Malaga,Betis,0,2,A,2.06,3.45,3.6,1718
19/12/17,Levante,Leganes,0,0,D,2.62,3.04,2.97,1718
20/12/17,Getafe,Las Palmas,2,0,H,1.76,3.72,4.69,1718
20/12/17,Sociedad,Sevilla,3,1,H,2.21,3.62,3.13,1718
21/12/17,Alaves,Malaga,1,0,H,2.13,3.26,3.66,1718
21/12/17,Eibar,Girona,4,1,H,2,3.39,3.93,1718
22/12/17,Betis,Ath Bilbao,0,2,A,2.7,3.32,2.61,1718
22/12/17,Espanol,Ath Madrid,1,0,H,5.07,3.48,1.76,1718
23/12/17,La Coruna,Celta,1,3,A,2.63,3.34,2.68,1718
23/12/17,Real Madrid,Barcelona,0,3,A,2.07,3.88,3.21,1718
23/12/17,Valencia,Villarreal,0,1,A,2.04,3.69,3.44,1718
06/01/18,Ath Madrid,Getafe,2,0,H,1.4,4.44,9.48,1718
06/01/18,Las Palmas,Eibar,1,2,A,2.57,3.38,2.73,1718
06/01/18,Sevilla,Betis,3,5,A,1.52,4.42,6.04,1718
06/01/18,Valencia,Girona,2,1,H,1.64,3.98,5.24,1718
07/01/18,Ath Bilbao,Alaves,2,0,H,1.66,3.72,5.67,1718
07/01/18,Barcelona,Levante,3,0,H,1.05,15.32,33.42,1718
07/01/18,Celta,Real Madrid,2,2,D,5.98,4.75,1.49,1718
07/01/18,Leganes,Sociedad,1,0,H,3,3.22,2.47,1718
07/01/18,Villarreal,La Coruna,1,1,D,1.59,4.04,5.7,1718
08/01/18,Malaga,Espanol,0,1,A,2.54,3.03,3.04,1718
12/01/18,Getafe,Malaga,1,0,H,1.81,3.38,5.06,1718
13/01/18,Eibar,Ath Madrid,0,1,A,3.96,3.24,2.04,1718
13/01/18,Girona,Las Palmas,6,0,H,1.75,3.84,4.63,1718
13/01/18,La Coruna,Valencia,1,2,A,2.99,3.47,2.34,1718
13/01/18,Real Madrid,Villarreal,0,1,A,1.25,6.62,10.33,1718
14/01/18,Alaves,Sevilla,1,0,H,3.28,3.3,2.25,1718
14/01/18,Espanol,Ath Bilbao,1,1,D,2.58,3.09,2.92,1718
14/01/18,Levante,Celta,0,1,A,3.04,3.28,2.39,1718
14/01/18,Sociedad,Barcelona,2,4,A,6.43,4.77,1.45,1718
15/01/18,Betis,Leganes,3,2,H,2.19,3.24,3.47,1718
19/01/18,Getafe,Ath Bilbao,2,2,D,2.76,3.06,2.79,1718
20/01/18,Ath Madrid,Girona,1,1,D,1.37,4.74,9.6,1718
20/01/18,Espanol,Sevilla,0,3,A,2.74,3.22,2.66,1718
20/01/18,Las Palmas,Valencia,2,1,H,4.26,3.97,1.78,1718
20/01/18,Villarreal,Levante,2,1,H,1.48,4.26,7.06,1718
21/01/18,Alaves,Leganes,2,2,D,2.19,3.05,3.74,1718
21/01/18,Betis,Barcelona,0,5,A,8.63,5.79,1.31,1718
21/01/18,Real Madrid,La Coruna,7,1,H,1.13,9.24,17.59,1718
21/01/18,Sociedad,Celta,1,2,A,1.88,3.8,3.92,1718
22/01/18,Eibar,Malaga,1,1,D,1.69,3.6,5.54,1718
26/01/18,Ath Bilbao,Eibar,1,1,D,1.95,3.4,4.16,1718
27/01/18,La Coruna,Levante,2,2,D,1.98,3.49,3.87,1718
27/01/18,Malaga,Girona,0,0,D,2.37,3.2,3.18,1718
27/01/18,Valencia,Real Madrid,1,4,A,4.63,4.38,1.65,1718
27/01/18,Villarreal,Sociedad,4,2,H,2.12,3.5,3.45,1718
28/01/18,Ath Madrid,Las Palmas,3,0,H,1.18,7.13,16.47,1718
28/01/18,Barcelona,Alaves,2,1,H,1.09,11.21,25.81,1718
28/01/18,Leganes,Espanol,3,2,H,2.45,2.94,3.29,1718
28/01/18,Sevilla,Getafe,1,1,D,1.52,4.26,6.29,1718
29/01/18,Celta,Betis,3,2,H,1.77,3.93,4.33,1718
02/02/18,Sociedad,La Coruna,5,0,H,1.49,4.6,6.43,1718
03/02/18,Alaves,Celta,2,1,H,2.62,3.29,2.75,1718
03/02/18,Betis,Villarreal,2,1,H,2.78,3.44,2.51,1718
03/02/18,Eibar,Sevilla,5,1,H,2.55,3.35,2.79,1718
03/02/18,Levante,Real Madrid,2,2,D,13.5,7.06,1.2,1718
04/02/18,Ath Madrid,Valencia,1,0,H,1.49,4.3,6.89,1718
04/02/18,Espanol,Barcelona,1,1,D,9.15,5.12,1.34,1718
04/02/18,Getafe,Leganes,0,0,D,1.95,3.17,4.53,1718
04/02/18,Girona,Ath Bilbao,2,0,H,2.51,3.21,2.94,1718
05/02/18,Las Palmas,Malaga,1,0,H,2.27,3.37,3.19,1718
09/02/18,Ath Bilbao,Las Palmas,0,0,D,1.44,4.54,7.32,1718
10/02/18,Leganes,Eibar,0,1,A,2.89,3.02,2.68,1718
10/02/18,Malaga,Ath Madrid,0,1,A,6.72,3.68,1.59,1718
10/02/18,Real Madrid,Sociedad,5,2,H,1.25,6.87,9.79,1718
10/02/18,Villarreal,Alaves,1,2,A,1.69,3.72,5.27,1718
11/02/18,Barcelona,Getafe,0,0,D,1.11,9.49,21.04,1718
11/02/18,Celta,Espanol,2,2,D,1.87,3.51,4.27,1718
11/02/18,Sevilla,Girona,1,0,H,1.7,3.86,4.85,1718
11/02/18,Valencia,Levante,3,1,H,1.51,4.38,6.16,1718
12/02/18,La Coruna,Betis,0,1,A,2.24,3.61,3.04,1718
16/02/18,Girona,Leganes,3,0,H,1.87,3.31,4.82,1718
17/02/18,Alaves,La Coruna,1,0,H,1.88,3.5,4.32,1718
17/02/18,Eibar,Barcelona,0,2,A,6.59,4.48,1.49,1718
17/02/18,Las Palmas,Sevilla,1,2,A,3.48,3.68,2.04,1718
17/02/18,Malaga,Valencia,1,2,A,3.75,3.39,2.06,1718
18/02/18,Ath Madrid,Ath Bilbao,2,0,H,1.43,4.13,9.28,1718
18/02/18,Betis,Real Madrid,3,5,A,7.98,5.81,1.33,1718
18/02/18,Espanol,Villarreal,1,1,D,2.49,3.18,3,1718
18/02/18,Sociedad,Levante,3,0,H,1.61,4.13,5.46,1718
19/02/18,Getafe,Celta,3,0,H,2.45,3.31,2.93,1718
21/02/18,Leganes,Real Madrid,1,3,A,11.19,5.77,1.28,1718
23/02/18,La Coruna,Espanol,0,0,D,2.58,3.18,2.89,1718
24/02/18,Barcelona,Girona,6,1,H,1.14,8.46,18.42,1718
24/02/18,Celta,Eibar,2,0,H,2.02,3.51,3.73,1718
24/02/18,Leganes,Las Palmas,0,0,D,1.84,3.46,4.62,1718
24/02/18,Real Madrid,Alaves,4,0,H,1.15,8.74,17.05,1718
25/02/18,Ath Bilbao,Malaga,2,1,H,1.71,3.56,5.43,1718
25/02/18,Sevilla,Ath Madrid,2,5,A,3.22,3.25,2.3,1718
25/02/18,Valencia,Sociedad,2,1,H,1.7,4.09,4.54,1718
25/02/18,Villarreal,Getafe,1,0,H,1.81,3.51,4.62,1718
26/02/18,Levante,Betis,0,2,A,2.44,3.41,2.86,1718
27/02/18,Espanol,Real Madrid,1,0,H,5.91,4.3,1.56,1718
27/02/18,Girona,Celta,1,0,H,2.37,3.43,3.01,1718
28/02/18,Ath Bilbao,Valencia,1,1,D,2.61,3.29,2.76,1718
28/02/18,Ath Madrid,Leganes,4,0,H,1.26,5.24,17.16,1718
28/02/18,Eibar,Villarreal,1,0,H,2.23,3.3,3.38,1718
28/02/18,Getafe,La Coruna,3,0,H,1.9,3.47,4.3,1718
28/02/18,Malaga,Sevilla,0,1,A,3.43,3.34,2.19,1718
01/03/18,Alaves,Levante,1,0,H,1.81,3.45,4.84,1718
01/03/18,Betis,Sociedad,0,0,D,2.68,3.68,2.47,1718
01/03/18,Las Palmas,Barcelona,1,1,D,13.28,7.1,1.21,1718
03/03/18,La Coruna,Eibar,1,1,D,2.71,3.26,2.69,1718
03/03/18,Leganes,Malaga,2,0,H,2.17,3.03,3.92,1718
03/03/18,Real Madrid,Getafe,3,1,H,1.21,6.91,12.8,1718
03/03/18,Sevilla,Ath Bilbao,2,0,H,1.75,3.73,4.84,1718
03/03/18,Villarreal,Girona,0,2,A,1.83,3.56,4.54,1718
04/03/18,Barcelona,Ath Madrid,1,0,H,1.73,3.76,4.91,1718
04/03/18,Levante,Espanol,1,1,D,3.06,3.12,2.5,1718
04/03/18,Sociedad,Alaves,2,1,H,1.68,3.87,5.1,1718
04/03/18,Valencia,Betis,2,0,H,1.47,4.77,6.3,1718
05/03/18,Celta,Las Palmas,2,1,H,1.44,4.62,7.23,1718
09/03/18,Girona,La Coruna,2,0,H,1.61,3.98,5.73,1718
10/03/18,Eibar,Real Madrid,1,2,A,5.92,4.55,1.52,1718
10/03/18,Getafe,Levante,0,1,A,1.71,3.54,5.48,1718
10/03/18,Malaga,Barcelona,0,2,A,12.44,5.82,1.26,1718
10/03/18,Sevilla,Valencia,0,2,A,2.06,3.58,3.52,1718
11/03/18,Ath Bilbao,Leganes,2,0,H,1.93,3.21,4.56,1718
11/03/18,Ath Madrid,Celta,3,0,H,1.42,4.57,8,1718
11/03/18,Espanol,Sociedad,2,1,H,2.75,3.24,2.66,1718
11/03/18,Las Palmas,Villarreal,0,2,A,3.47,3.4,2.13,1718
12/03/18,Alaves,Betis,1,3,A,2.15,3.37,3.45,1718
16/03/18,Levante,Eibar,2,1,H,3.13,3.21,2.4,1718
17/03/18,Betis,Espanol,3,0,H,2.24,3.33,3.33,1718
17/03/18,La Coruna,Las Palmas,1,1,D,1.75,3.79,4.73,1718
17/03/18,Sociedad,Getafe,1,2,A,1.72,3.77,4.91,1718
17/03/18,Valencia,Alaves,3,1,H,1.45,4.51,7.33,1718
18/03/18,Barcelona,Ath Bilbao,2,0,H,1.15,7.87,19.54,1718
18/03/18,Celta,Malaga,0,0,D,1.48,4.28,7.14,1718
18/03/18,Leganes,Sevilla,2,1,H,3.62,3.27,2.15,1718
18/03/18,Real Madrid,Girona,6,3,H,1.19,7.56,12.98,1718
18/03/18,Villarreal,Ath Madrid,2,1,H,3.97,3.27,2.03,1718
31/03/18,Ath Bilbao,Celta,1,1,D,2.07,3.4,3.66,1718
31/03/18,Girona,Levante,1,1,D,1.62,3.81,5.82,1718
31/03/18,Las Palmas,Real Madrid,0,3,A,9.41,6.15,1.28,1718
31/03/18,Sevilla,Barcelona,2,2,D,4.64,3.88,1.73,1718
01/04/18,Ath Madrid,La Coruna,1,0,H,1.25,5.77,13.32,1718
01/04/18,Eibar,Sociedad,0,0,D,2.37,3.36,3.01,1718
01/04/18,Espanol,Alaves,0,0,D,2.02,3.2,4.06,1718
01/04/18,Leganes,Valencia,0,1,A,3.79,3.34,2.04,1718
01/04/18,Malaga,Villarreal,1,0,H,3.5,3.25,2.18,1718
02/04/18,Getafe,Betis,0,1,A,2.02,3.43,3.72,1718
06/04/18,La Coruna,Malaga,3,2,H,2.04,3.3,3.93,1718
07/04/18,Alaves,Getafe,2,0,H,2.45,3.05,3.22,1718
07/04/18,Barcelona,Leganes,3,1,H,1.13,8.54,22.73,1718
07/04/18,Betis,Eibar,2,0,H,2.25,3.37,3.25,1718
07/04/18,Celta,Sevilla,4,0,H,2.19,3.44,3.32,1718
08/04/18,Levante,Las Palmas,2,1,H,1.89,3.56,4.19,1718
08/04/18,Real Madrid,Ath Madrid,1,1,D,1.73,3.8,4.89,1718
08/04/18,Sociedad,Girona,5,0,H,1.89,3.65,4.08,1718
08/04/18,Valencia,Espanol,1,0,H,1.49,4.19,7.06,1718
09/04/18,Villarreal,Ath Bilbao,1,3,A,1.87,3.44,4.45,1718
13/04/18,Girona,Betis,0,1,A,2.34,3.43,3.04,1718
14/04/18,Ath Bilbao,La Coruna,2,3,A,1.66,3.8,5.49,1718
14/04/18,Barcelona,Valencia,2,1,H,1.3,5.81,9.46,1718
14/04/18,Las Palmas,Sociedad,0,1,A,3.65,3.66,2,1718
14/04/18,Leganes,Celta,1,0,H,3.18,3.17,2.38,1718
14/04/18,Sevilla,Villarreal,2,2,D,1.83,3.73,4.25,1718
15/04/18,Ath Madrid,Levante,3,0,H,1.23,5.78,15.62,1718
15/04/18,Eibar,Alaves,0,1,A,1.82,3.39,4.84,1718
15/04/18,Getafe,Espanol,1,0,H,2.15,3.08,3.82,1718
15/04/18,Malaga,Real Madrid,1,2,A,10.08,5.63,1.3,1718
17/04/18,Celta,Barcelona,2,2,D,4.74,4.19,1.68,1718
17/04/18,La Coruna,Sevilla,0,0,D,2.5,3.57,2.72,1718
17/04/18,Villarreal,Leganes,2,1,H,1.61,3.82,6.16,1718
18/04/18,Espanol,Eibar,0,1,A,2.33,3.09,3.35,1718
18/04/18,Real Madrid,Ath Bilbao,1,1,D,1.23,6.72,11.7,1718
18/04/18,Valencia,Getafe,1,2,A,1.48,4.24,7.25,1718
19/04/18,Alaves,Girona,1,2,A,2.4,3.16,3.16,1718
19/04/18,Betis,Las Palmas,1,0,H,1.36,5.26,7.75,1718
19/04/18,Levante,Malaga,1,0,H,1.86,3.41,4.57,1718
19/04/18,Sociedad,Ath Madrid,3,0,H,3.28,3.3,2.27,1718
20/04/18,Leganes,La Coruna,0,0,D,2.42,3.21,3.09,1718
21/04/18,Celta,Valencia,1,1,D,2.67,3.4,2.63,1718
21/04/18,Eibar,Getafe,0,1,A,2.12,3.14,3.88,1718
22/04/18,Ath Madrid,Betis,0,0,D,1.62,3.8,5.86,1718
22/04/18,Girona,Espanol,0,2,A,2.09,3.25,3.76,1718
22/04/18,Las Palmas,Alaves,0,4,A,3.1,3.26,2.37,1718
22/04/18,Malaga,Sociedad,2,0,H,5.05,3.59,1.75,1718
23/04/18,Ath Bilbao,Levante,1,3,A,1.66,3.68,5.58,1718
27/04/18,Levante,Sevilla,2,1,H,4.12,3.77,1.85,1718
28/04/18,Espanol,Las Palmas,1,1,D,1.39,4.6,8.88,1718
28/04/18,Real Madrid,Leganes,2,1,H,1.3,5.57,9.98,1718
28/04/18,Sociedad,Ath Bilbao,3,1,H,1.87,3.58,4.28,1718
28/04/18,Villarreal,Celta,4,1,H,1.74,3.82,4.75,1718
29/04/18,Alaves,Ath Madrid,0,1,A,3.35,3.1,2.34,1718
29/04/18,Getafe,Girona,1,1,D,2.06,3.23,3.92,1718
29/04/18,La Coruna,Barcelona,2,4,A,10,6.08,1.27,1718
29/04/18,Valencia,Eibar,0,0,D,1.51,4.27,6.62,1718
30/04/18,Betis,Malaga,2,1,H,1.41,4.61,7.96,1718
04/05/18,Sevilla,Sociedad,1,0,H,2.17,3.53,3.29,1718
05/05/18,Ath Bilbao,Betis,2,0,H,2.28,3.33,3.22,1718
05/05/18,Celta,La Coruna,1,1,D,1.63,4.17,5.07,1718
05/05/18,Girona,Eibar,1,4,A,2.08,3.31,3.74,1718
05/05/18,Villarreal,Valencia,1,0,H,2.23,3.42,3.22,1718
06/05/18,Ath Madrid,Espanol,0,2,A,1.4,4.34,9.58,1718
06/05/18,Barcelona,Real Madrid,2,2,D,1.68,4.43,4.4,1718
06/05/18,Las Palmas,Getafe,0,1,A,3.76,3.38,2.05,1718
06/05/18,Malaga,Alaves,0,3,A,2.43,3.15,3.11,1718
07/05/18,Leganes,Levante,0,3,A,2.11,3.24,3.69,1718
09/05/18,Barcelona,Villarreal,5,1,H,1.29,5.91,9.53,1718
09/05/18,Sevilla,Real Madrid,3,2,H,2.44,3.84,2.63,1718
12/05/18,Alaves,Ath Bilbao,3,1,H,2.56,3.15,2.92,1718
12/05/18,Betis,Sevilla,2,2,D,2.59,3.55,2.62,1718
12/05/18,Eibar,Las Palmas,1,0,H,1.4,4.7,8.36,1718
12/05/18,Getafe,Ath Madrid,0,1,A,2.75,3.03,2.81,1718
12/05/18,Girona,Valencia,0,1,A,2.57,3.49,2.68,1718
12/05/18,La Coruna,Villarreal,2,4,A,3.57,3.58,2.03,1718
12/05/18,Real Madrid,Celta,6,0,H,1.35,5.66,7.61,1718
12/05/18,Sociedad,Leganes,3,2,H,1.44,4.45,7.68,1718
13/05/18,Espanol,Malaga,4,1,H,1.64,3.73,5.72,1718
13/05/18,Levante,Barcelona,5,4,H,9.07,5.65,1.31,1718
19/05/18,Celta,Levante,4,2,H,1.81,4.01,4.01,1718
19/05/18,Las Palmas,Girona,1,2,A,3.03,3.63,2.24,1718
19/05/18,Leganes,Betis,3,2,H,2.71,3.48,2.54,1718
19/05/18,Malaga,Getafe,0,1,A,3.22,3.41,2.24,1718
19/05/18,Sevilla,Alaves,1,0,H,1.43,4.88,6.84,1718
19/05/18,Villarreal,Real Madrid,2,2,D,2.99,4.12,2.12,1718
20/05/18,Ath Bilbao,Espanol,0,1,A,2.02,3.56,3.63,1718
20/05/18,Ath Madrid,Eibar,2,2,D,1.6,3.98,5.65,1718
20/05/18,Barcelona,Sociedad,1,0,H,1.24,7,9.76,1718
20/05/18,Valencia,La Coruna,2,1,H,1.37,5.15,7.94,1718
19/08/16,La Coruna,Eibar,2,1,H,1.97,3.31,4.18,1617
19/08/16,Malaga,Osasuna,1,1,D,1.62,3.66,6.24,1617
20/08/16,Barcelona,Betis,6,2,H,1.09,10.4,26.95,1617
20/08/16,Granada,Villarreal,1,1,D,2.54,3.13,2.92,1617
20/08/16,Sevilla,Espanol,6,4,H,1.68,3.86,5.04,1617
21/08/16,Ath Madrid,Alaves,1,1,D,1.21,5.88,16.97,1617
21/08/16,Sociedad,Real Madrid,0,3,A,4.66,3.81,1.74,1617
21/08/16,Sp Gijon,Ath Bilbao,2,1,H,4.06,3.41,1.94,1617
22/08/16,Celta,Leganes,0,1,A,1.6,3.83,5.89,1617
22/08/16,Valencia,Las Palmas,2,4,A,1.73,3.71,4.84,1617
26/08/16,Betis,La Coruna,0,0,D,2.21,3.22,3.46,1617
26/08/16,Espanol,Malaga,2,2,D,2.32,3.18,3.26,1617
27/08/16,Eibar,Valencia,1,0,H,2.67,3.18,2.75,1617
27/08/16,Leganes,Ath Madrid,0,0,D,7.32,3.65,1.56,1617
27/08/16,Osasuna,Sociedad,0,2,A,3.04,3.06,2.52,1617
27/08/16,Real Madrid,Celta,2,1,H,1.21,6.98,12.8,1617
28/08/16,Alaves,Sp Gijon,0,0,D,2.14,3.2,3.68,1617
28/08/16,Ath Bilbao,Barcelona,0,1,A,6.09,4.41,1.52,1617
28/08/16,Las Palmas,Granada,5,1,H,1.9,3.45,4.25,1617
28/08/16,Villarreal,Sevilla,0,0,D,2.5,3.33,2.84,1617
09/09/16,Sociedad,Espanol,1,1,D,2.03,3.41,3.82,1617
10/09/16,Barcelona,Alaves,1,2,A,1.07,11.58,32.36,1617
10/09/16,Celta,Ath Madrid,0,4,A,5.25,3.43,1.77,1617
10/09/16,Malaga,Villarreal,0,2,A,2.37,3.15,3.21,1617
10/09/16,Real Madrid,Osasuna,5,2,H,1.06,13.74,36.19,1617
10/09/16,Sevilla,Las Palmas,2,1,H,1.56,4.31,5.68,1617
11/09/16,Granada,Eibar,1,2,A,2.22,3.36,3.3,1617
11/09/16,La Coruna,Ath Bilbao,0,1,A,3.43,3.28,2.2,1617
11/09/16,Sp Gijon,Leganes,2,1,H,2.24,3.22,3.42,1617
11/09/16,Valencia,Betis,2,3,A,1.68,3.88,5.05,1617
16/09/16,Betis,Granada,2,2,D,1.77,3.68,4.74,1617
17/09/16,Ath Madrid,Sp Gijon,5,0,H,1.21,5.94,18.06,1617
17/09/16,Eibar,Sevilla,1,1,D,2.95,3.39,2.39,1617
17/09/16,Las Palmas,Malaga,1,0,H,2.26,3.27,3.31,1617
17/09/16,Leganes,Barcelona,1,5,A,15.73,6.95,1.19,1617
18/09/16,Ath Bilbao,Valencia,2,1,H,1.9,3.54,4.12,1617
18/09/16,Espanol,Real Madrid,0,2,A,7.64,5.01,1.39,1617
18/09/16,Osasuna,Celta,0,0,D,2.89,3.12,2.6,1617
18/09/16,Villarreal,Sociedad,2,1,H,1.86,3.39,4.58,1617
19/09/16,Alaves,La Coruna,0,0,D,2.29,3.12,3.4,1617
20/09/16,Malaga,Eibar,2,1,H,1.84,3.43,4.68,1617
20/09/16,Sevilla,Betis,1,0,H,1.49,4.49,6.55,1617
21/09/16,Barcelona,Ath Madrid,1,1,D,1.62,4,5.5,1617
21/09/16,Celta,Sp Gijon,2,1,H,1.57,4.03,6.07,1617
21/09/16,Granada,Ath Bilbao,1,2,A,4.17,3.47,1.92,1617
21/09/16,Real Madrid,Villarreal,1,1,D,1.22,6.51,13.02,1617
21/09/16,Sociedad,Las Palmas,4,1,H,2.01,3.46,3.79,1617
22/09/16,La Coruna,Leganes,1,2,A,2.13,3.18,3.73,1617
22/09/16,Osasuna,Espanol,1,2,A,2.91,3.16,2.55,1617
22/09/16,Valencia,Alaves,2,1,H,1.58,4.01,5.97,1617
23/09/16,Betis,Malaga,1,0,H,2.62,3.16,2.87,1617
24/09/16,Ath Bilbao,Sevilla,3,1,H,2.06,3.49,3.6,1617
24/09/16,Eibar,Sociedad,2,0,H,2.55,3.19,2.92,1617
24/09/16,Las Palmas,Real Madrid,2,2,D,7.87,5.17,1.37,1617
24/09/16,Sp Gijon,Barcelona,0,5,A,10.97,5.9,1.27,1617
25/09/16,Ath Madrid,La Coruna,1,0,H,1.22,6.06,16.09,1617
25/09/16,Espanol,Celta,0,2,A,2.3,3.31,3.22,1617
25/09/16,Leganes,Valencia,1,2,A,2.8,3.26,2.6,1617
25/09/16,Villarreal,Osasuna,3,1,H,1.39,4.5,9.3,1617
26/09/16,Alaves,Granada,3,1,H,2.08,3.33,3.73,1617
30/09/16,Sociedad,Betis,1,0,H,1.82,3.53,4.65,1617
01/10/16,Granada,Leganes,0,1,A,2.45,3.27,2.98,1617
01/10/16,La Coruna,Sp Gijon,2,1,H,1.96,3.32,4.2,1617
01/10/16,Osasuna,Las Palmas,2,2,D,2.65,3.24,2.76,1617
01/10/16,Sevilla,Alaves,2,1,H,1.45,4.46,7.3,1617
02/10/16,Celta,Barcelona,4,3,H,7.48,4.71,1.42,1617
02/10/16,Espanol,Villarreal,0,0,D,2.83,3.07,2.7,1617
02/10/16,Malaga,Ath Bilbao,2,1,H,2.5,3.06,3.12,1617
02/10/16,Real Madrid,Eibar,1,1,D,1.09,10.88,25.74,1617
02/10/16,Valencia,Ath Madrid,0,2,A,4.23,3.48,1.91,1617
14/10/16,Las Palmas,Espanol,0,0,D,2.02,3.43,3.86,1617
15/10/16,Ath Madrid,Granada,7,1,H,1.12,8.47,25.5,1617
15/10/16,Barcelona,La Coruna,4,0,H,1.11,9.63,23.41,1617
15/10/16,Betis,Real Madrid,1,6,A,7.79,5.18,1.38,1617
15/10/16,Leganes,Sevilla,2,3,A,3.32,3.31,2.24,1617
16/10/16,Alaves,Malaga,1,1,D,2.65,3,2.95,1617
16/10/16,Ath Bilbao,Sociedad,3,2,H,1.84,3.48,4.62,1617
16/10/16,Sp Gijon,Valencia,1,2,A,3.47,3.41,2.13,1617
16/10/16,Villarreal,Celta,5,0,H,1.87,3.43,4.44,1617
17/10/16,Eibar,Osasuna,2,3,A,1.75,3.6,4.89,1617
21/10/16,Osasuna,Betis,1,2,A,2.55,3.18,2.92,1617
22/10/16,Espanol,Eibar,3,3,D,2.06,3.3,3.84,1617
22/10/16,Granada,Sp Gijon,0,0,D,2.14,3.33,3.52,1617
22/10/16,Sociedad,Alaves,3,0,H,1.67,3.67,5.52,1617
22/10/16,Valencia,Barcelona,2,3,A,6.79,4.9,1.43,1617
23/10/16,Celta,La Coruna,4,1,H,1.75,3.58,5,1617
23/10/16,Malaga,Leganes,4,0,H,1.87,3.28,4.71,1617
23/10/16,Real Madrid,Ath Bilbao,2,1,H,1.24,6.47,11.59,1617
23/10/16,Sevilla,Ath Madrid,1,0,H,3.92,3.41,1.99,1617
23/10/16,Villarreal,Las Palmas,2,1,H,1.69,3.75,5.19,1617
28/10/16,Leganes,Sociedad,0,2,A,2.6,3.1,2.93,1617
29/10/16,Alaves,Real Madrid,1,4,A,12.6,6.34,1.23,1617
29/10/16,Ath Madrid,Malaga,4,2,H,1.23,5.78,15.6,1617
29/10/16,Barcelona,Granada,1,0,H,1.05,15.65,40.93,1617
29/10/16,Sp Gijon,Sevilla,1,1,D,4.04,3.54,1.92,1617
30/10/16,Ath Bilbao,Osasuna,1,1,D,1.38,4.7,8.85,1617
30/10/16,Betis,Espanol,0,1,A,2.23,3.26,3.37,1617
30/10/16,Eibar,Villarreal,2,1,H,3.04,3.14,2.48,1617
30/10/16,Las Palmas,Celta,3,3,D,2.35,3.34,3.07,1617
31/10/16,La Coruna,Valencia,1,1,D,2.85,3.25,2.55,1617
04/11/16,Malaga,Sp Gijon,3,2,H,1.71,3.64,5.38,1617
05/11/16,Granada,La Coruna,1,1,D,2.64,3.11,2.86,1617
05/11/16,Las Palmas,Eibar,1,0,H,1.96,3.55,3.88,1617
05/11/16,Osasuna,Alaves,0,1,A,2.26,3.17,3.42,1617
05/11/16,Sociedad,Ath Madrid,2,0,H,5.13,3.65,1.72,1617
06/11/16,Celta,Valencia,2,1,H,2.26,3.45,3.14,1617
06/11/16,Espanol,Ath Bilbao,0,0,D,2.88,3.21,2.56,1617
06/11/16,Real Madrid,Leganes,3,0,H,1.08,12.49,27.03,1617
06/11/16,Sevilla,Barcelona,1,2,A,4.89,4.31,1.64,1617
06/11/16,Villarreal,Betis,2,0,H,1.52,4.08,6.89,1617
18/11/16,Betis,Las Palmas,2,0,H,2.36,3.37,3.06,1617
19/11/16,Ath Madrid,Real Madrid,0,3,A,2.46,3.3,2.97,1617
19/11/16,Barcelona,Malaga,0,0,D,1.13,9.08,20.74,1617
19/11/16,Eibar,Celta,1,0,H,2.32,3.27,3.21,1617
19/11/16,La Coruna,Sevilla,2,3,A,3.28,3.35,2.24,1617
20/11/16,Alaves,Espanol,0,1,A,2.49,3.12,3.06,1617
20/11/16,Ath Bilbao,Villarreal,1,0,H,2.14,3.24,3.65,1617
20/11/16,Sp Gijon,Sociedad,1,3,A,3.36,3.25,2.25,1617
20/11/16,Valencia,Granada,1,1,D,1.34,5.11,9.24,1617
21/11/16,Leganes,Osasuna,2,0,H,1.88,3.4,4.47,1617
25/11/16,Eibar,Betis,3,1,H,1.97,3.38,4.13,1617
26/11/16,Espanol,Leganes,3,0,H,1.83,3.36,4.87,1617
26/11/16,Malaga,La Coruna,4,3,H,2.01,3.33,4,1617
26/11/16,Real Madrid,Sp Gijon,2,1,H,1.07,13.2,29.79,1617
26/11/16,Sevilla,Valencia,2,1,H,1.75,3.88,4.59,1617
27/11/16,Celta,Granada,3,1,H,1.55,4.11,6.14,1617
27/11/16,Osasuna,Ath Madrid,0,3,A,11.4,5.23,1.3,1617
27/11/16,Sociedad,Barcelona,1,1,D,6.36,4.63,1.48,1617
27/11/16,Villarreal,Alaves,0,2,A,1.51,3.94,7.59,1617
28/11/16,Las Palmas,Ath Bilbao,3,1,H,2.6,3.28,2.77,1617
03/12/16,Ath Madrid,Espanol,0,0,D,1.23,5.97,14.93,1617
03/12/16,Barcelona,Real Madrid,1,1,D,1.85,4.02,3.92,1617
03/12/16,Granada,Sevilla,2,1,H,4.59,3.65,1.79,1617
03/12/16,Leganes,Villarreal,0,0,D,3.47,3.12,2.27,1617
04/12/16,Alaves,Las Palmas,1,1,D,2.48,3.19,2.99,1617
04/12/16,Ath Bilbao,Eibar,3,1,H,1.88,3.4,4.47,1617
04/12/16,Betis,Celta,3,3,D,2.41,3.27,3.04,1617
04/12/16,Sp Gijon,Osasuna,3,1,H,2.03,3.33,3.89,1617
04/12/16,Valencia,Malaga,2,2,D,1.76,3.77,4.67,1617
05/12/16,La Coruna,Sociedad,5,1,H,2.97,3.17,2.51,1617
09/12/16,Malaga,Granada,1,1,D,1.64,3.98,5.46,1617
10/12/16,Las Palmas,Leganes,1,1,D,1.79,3.62,4.7,1617
10/12/16,Osasuna,Barcelona,0,3,A,15.39,7.26,1.19,1617
10/12/16,Real Madrid,La Coruna,3,2,H,1.17,7.77,16.27,1617
10/12/16,Sociedad,Valencia,3,2,H,1.94,3.66,3.88,1617
11/12/16,Betis,Ath Bilbao,1,0,H,3.12,3.23,2.39,1617
11/12/16,Celta,Sevilla,0,3,A,2.71,3.36,2.62,1617
11/12/16,Eibar,Alaves,0,0,D,1.85,3.43,4.63,1617
11/12/16,Espanol,Sp Gijon,2,1,H,1.72,3.6,5.27,1617
12/12/16,Villarreal,Ath Madrid,3,0,H,4.32,3.36,1.92,1617
16/12/16,Alaves,Betis,1,0,H,2.36,3.1,3.36,1617
17/12/16,Ath Madrid,Las Palmas,1,0,H,1.3,5.46,10.89,1617
17/12/16,Granada,Sociedad,0,2,A,3.67,3.44,2.07,1617
17/12/16,Sevilla,Malaga,4,1,H,1.53,4.31,6.2,1617
17/12/16,Sp Gijon,Villarreal,1,3,A,3.53,3.28,2.18,1617
18/12/16,Barcelona,Espanol,4,1,H,1.1,10.21,24.66,1617
18/12/16,La Coruna,Osasuna,2,0,H,1.57,3.99,6.24,1617
18/12/16,Leganes,Eibar,1,1,D,2.63,3.09,2.92,1617
19/12/16,Ath Bilbao,Celta,2,1,H,1.88,3.53,4.29,1617
06/01/17,Espanol,La Coruna,1,1,D,2.07,3.28,3.88,1617
07/01/17,Eibar,Ath Madrid,0,2,A,5.38,3.64,1.71,1617
07/01/17,Las Palmas,Sp Gijon,1,0,H,1.67,3.9,5.29,1617
07/01/17,Real Madrid,Granada,5,0,H,1.07,13.06,28.44,1617
07/01/17,Sociedad,Sevilla,0,4,A,2.3,3.47,3.08,1617
08/01/17,Ath Bilbao,Alaves,0,0,D,1.56,3.92,6.58,1617
08/01/17,Betis,Leganes,2,0,H,2.12,3.22,3.79,1617
08/01/17,Celta,Malaga,3,1,H,1.87,3.69,4.16,1617
08/01/17,Villarreal,Barcelona,1,1,D,5.86,4.37,1.54,1617
09/01/17,Osasuna,Valencia,3,3,D,3.86,3.59,1.96,1617
14/01/17,Ath Madrid,Betis,1,0,H,1.21,6.3,16.58,1617
14/01/17,Barcelona,Las Palmas,5,0,H,1.1,10.84,23.5,1617
14/01/17,La Coruna,Villarreal,0,0,D,2.71,3.12,2.79,1617
14/01/17,Leganes,Ath Bilbao,0,0,D,3.29,3.13,2.37,1617
15/01/17,Celta,Alaves,1,0,H,1.7,3.7,5.28,1617
15/01/17,Granada,Osasuna,1,1,D,2.01,3.43,3.85,1617
15/01/17,Sevilla,Real Madrid,2,1,H,3.62,3.8,1.97,1617
15/01/17,Sp Gijon,Eibar,2,3,A,2.87,3.21,2.57,1617
15/01/17,Valencia,Espanol,2,1,H,1.95,3.55,3.96,1617
16/01/17,Malaga,Sociedad,0,2,A,2.46,3.28,2.97,1617
20/01/17,Las Palmas,La Coruna,1,1,D,2.33,3.28,3.23,1617
21/01/17,Alaves,Leganes,2,2,D,2.23,3.11,3.63,1617
21/01/17,Espanol,Granada,3,1,H,1.6,3.86,6.15,1617
21/01/17,Real Madrid,Malaga,2,1,H,1.13,9.4,18.15,1617
21/01/17,Villarreal,Valencia,0,2,A,1.88,3.56,4.31,1617
22/01/17,Ath Bilbao,Ath Madrid,2,2,D,3.86,3.26,2.08,1617
22/01/17,Betis,Sp Gijon,0,0,D,1.71,3.65,5.33,1617
22/01/17,Eibar,Barcelona,0,4,A,9.71,5.79,1.3,1617
22/01/17,Osasuna,Sevilla,3,4,A,6.1,4.39,1.53,1617
22/01/17,Sociedad,Celta,1,0,H,1.97,3.56,3.87,1617
27/01/17,Osasuna,Malaga,1,1,D,2.91,3.3,2.52,1617
28/01/17,Alaves,Ath Madrid,0,0,D,6.2,3.63,1.64,1617
28/01/17,Eibar,La Coruna,3,1,H,2.16,3.28,3.58,1617
28/01/17,Leganes,Celta,0,2,A,2.37,3.18,3.24,1617
28/01/17,Villarreal,Granada,2,0,H,1.37,4.75,9.58,1617
29/01/17,Ath Bilbao,Sp Gijon,2,1,H,1.34,4.96,9.98,1617
29/01/17,Betis,Barcelona,1,1,D,11.49,6.08,1.26,1617
29/01/17,Espanol,Sevilla,3,1,H,3.33,3.47,2.18,1617
29/01/17,Real Madrid,Sociedad,3,0,H,1.25,6.43,10.79,1617
30/01/17,Las Palmas,Valencia,3,1,H,2.51,3.4,2.8,1617
04/02/17,Ath Madrid,Leganes,2,0,H,1.29,5.1,13.82,1617
04/02/17,Barcelona,Ath Bilbao,3,0,H,1.24,6.56,11.97,1617
04/02/17,Malaga,Espanol,0,1,A,2.15,3.33,3.57,1617
04/02/17,Valencia,Eibar,0,4,A,1.91,3.64,4.05,1617
05/02/17,Sevilla,Villarreal,0,0,D,1.65,3.93,5.36,1617
05/02/17,Sociedad,Osasuna,3,2,H,1.33,5.13,10.07,1617
05/02/17,Sp Gijon,Alaves,2,4,A,2.2,3.22,3.57,1617
06/02/17,Granada,Las Palmas,1,0,H,3.03,3.35,2.39,1617
10/02/17,Espanol,Sociedad,1,2,A,2.83,3.15,2.68,1617
11/02/17,Alaves,Barcelona,0,6,A,10.05,5.36,1.32,1617
11/02/17,Ath Bilbao,La Coruna,2,1,H,1.71,3.66,5.38,1617
11/02/17,Betis,Valencia,0,0,D,2.49,3.29,2.95,1617
11/02/17,Osasuna,Real Madrid,1,3,A,11.99,6.36,1.24,1617
12/02/17,Ath Madrid,Celta,3,2,H,1.38,4.75,8.95,1617
12/02/17,Las Palmas,Sevilla,0,1,A,3.25,3.55,2.19,1617
12/02/17,Leganes,Sp Gijon,0,2,A,1.84,3.42,4.75,1617
12/02/17,Villarreal,Malaga,1,1,D,1.8,3.61,4.72,1617
13/02/17,Eibar,Granada,4,0,H,1.58,4.11,5.91,1617
17/02/17,Granada,Betis,4,1,H,2.92,3.22,2.54,1617
18/02/17,La Coruna,Alaves,0,1,A,2.01,3.26,4.1,1617
18/02/17,Real Madrid,Espanol,2,0,H,1.17,7.55,16.32,1617
18/02/17,Sevilla,Eibar,2,0,H,1.51,4.42,6.19,1617
18/02/17,Sp Gijon,Ath Madrid,1,4,A,6.99,4.13,1.51,1617
19/02/17,Barcelona,Leganes,2,1,H,1.08,11.36,28.52,1617
19/02/17,Celta,Osasuna,3,0,H,1.58,4.08,5.81,1617
19/02/17,Sociedad,Villarreal,0,1,A,1.93,3.41,4.24,1617
19/02/17,Valencia,Ath Bilbao,2,0,H,2.32,3.32,3.15,1617
20/02/17,Malaga,Las Palmas,2,1,H,1.96,3.46,4,1617
22/02/17,Valencia,Real Madrid,2,1,H,5.67,4.4,1.56,1617
24/02/17,Las Palmas,Sociedad,0,1,A,2.66,3.34,2.7,1617
25/02/17,Alaves,Valencia,2,1,H,2.67,3.09,2.86,1617
25/02/17,Betis,Sevilla,1,2,A,3.69,3.46,2.06,1617
25/02/17,Eibar,Malaga,3,0,H,2.05,3.46,3.7,1617
25/02/17,Leganes,La Coruna,4,0,H,2.5,3.07,3.11,1617
26/02/17,Ath Bilbao,Granada,3,1,H,1.47,4.38,7.31,1617
26/02/17,Ath Madrid,Barcelona,1,2,A,2.94,3.41,2.42,1617
26/02/17,Espanol,Osasuna,3,0,H,1.66,3.72,5.75,1617
26/02/17,Sp Gijon,Celta,1,1,D,2.69,3.28,2.7,1617
26/02/17,Villarreal,Real Madrid,2,3,A,5.04,3.93,1.69,1617
28/02/17,Malaga,Betis,1,2,A,1.94,3.42,4.19,1617
28/02/17,Sociedad,Eibar,2,2,D,1.83,3.56,4.58,1617
28/02/17,Valencia,Leganes,1,0,H,1.77,3.53,5.02,1617
01/03/17,Barcelona,Sp Gijon,6,1,H,1.06,13.63,30.72,1617
01/03/17,Celta,Espanol,2,2,D,1.93,3.42,4.21,1617
01/03/17,Granada,Alaves,2,1,H,2.68,3.1,2.81,1617
01/03/17,Osasuna,Villarreal,1,4,A,3.8,3.33,2.07,1617
01/03/17,Real Madrid,Las Palmas,3,3,D,1.14,8.77,17.82,1617
02/03/17,La Coruna,Ath Madrid,1,1,D,5.59,3.62,1.69,1617
02/03/17,Sevilla,Ath Bilbao,1,0,H,1.67,3.89,5.14,1617
03/03/17,Betis,Sociedad,2,3,A,2.61,3.1,2.95,1617
04/03/17,Barcelona,Celta,5,0,H,1.14,9.08,17.88,1617
04/03/17,Eibar,Real Madrid,1,4,A,5.03,3.99,1.68,1617
04/03/17,Leganes,Granada,1,0,H,1.81,3.41,5,1617
04/03/17,Villarreal,Espanol,2,0,H,1.76,3.57,5.12,1617
05/03/17,Ath Bilbao,Malaga,1,0,H,1.8,3.62,4.66,1617
05/03/17,Ath Madrid,Valencia,3,0,H,1.47,4.46,7.05,1617
05/03/17,Las Palmas,Osasuna,5,2,H,1.59,4.12,5.75,1617
05/03/17,Sp Gijon,La Coruna,0,1,A,2.59,3.23,2.84,1617
06/03/17,Alaves,Sevilla,1,1,D,4,3.4,1.98,1617
08/03/17,La Coruna,Betis,1,1,D,2.09,3.27,3.77,1617
10/03/17,Espanol,Las Palmas,4,3,H,2.22,3.34,3.38,1617
11/03/17,Granada,Ath Madrid,0,1,A,7.25,4.16,1.5,1617
11/03/17,Malaga,Alaves,1,2,A,2,3.28,4.13,1617
11/03/17,Sevilla,Leganes,1,1,D,1.4,4.57,8.58,1617
11/03/17,Valencia,Sp Gijon,1,1,D,1.48,4.49,6.75,1617
12/03/17,Celta,Villarreal,0,1,A,2.75,3.19,2.7,1617
12/03/17,La Coruna,Barcelona,2,1,H,12.41,6.55,1.23,1617
12/03/17,Real Madrid,Betis,2,1,H,1.12,9.24,21.5,1617
12/03/17,Sociedad,Ath Bilbao,0,2,A,2.16,3.34,3.5,1617
13/03/17,Osasuna,Eibar,1,1,D,3.57,3.49,2.08,1617
17/03/17,Las Palmas,Villarreal,1,0,H,2.58,3.44,2.72,1617
18/03/17,Alaves,Sociedad,1,0,H,2.62,3.12,2.9,1617
18/03/17,Ath Bilbao,Real Madrid,1,2,A,4.85,4.02,1.69,1617
18/03/17,Betis,Osasuna,2,0,H,1.47,4.41,7.15,1617
18/03/17,Eibar,Espanol,1,1,D,1.91,3.48,4.23,1617
19/03/17,Ath Madrid,Sevilla,3,1,H,1.66,3.89,5.3,1617
19/03/17,Barcelona,Valencia,4,2,H,1.13,9.58,18.03,1617
19/03/17,La Coruna,Celta,0,1,A,2.17,3.32,3.48,1617
19/03/17,Leganes,Malaga,0,0,D,2.42,3.05,3.26,1617
19/03/17,Sp Gijon,Granada,3,1,H,2.02,3.46,3.75,1617
31/03/17,Espanol,Betis,2,1,H,2.33,3.16,3.34,1617
01/04/17,Malaga,Ath Madrid,0,2,A,5.11,3.6,1.74,1617
01/04/17,Osasuna,Ath Bilbao,1,2,A,5.73,4.08,1.6,1617
01/04/17,Sociedad,Leganes,1,1,D,1.77,3.44,5.25,1617
01/04/17,Villarreal,Eibar,2,3,A,1.86,3.57,4.33,1617
02/04/17,Granada,Barcelona,1,4,A,13.91,7.21,1.19,1617
02/04/17,Real Madrid,Alaves,3,0,H,1.13,9.39,19.39,1617
02/04/17,Sevilla,Sp Gijon,0,0,D,1.33,5.52,8.63,1617
02/04/17,Valencia,La Coruna,3,0,H,1.85,3.6,4.36,1617
03/04/17,Celta,Las Palmas,3,1,H,1.95,3.6,3.83,1617
04/04/17,Ath Bilbao,Espanol,2,0,H,1.52,4.12,6.98,1617
04/04/17,Ath Madrid,Sociedad,1,0,H,1.38,4.68,9.16,1617
04/04/17,Betis,Villarreal,0,1,A,2.73,3.17,2.75,1617
05/04/17,Alaves,Osasuna,0,1,A,1.44,4.44,7.75,1617
05/04/17,Barcelona,Sevilla,3,0,H,1.25,6.71,10.58,1617
05/04/17,La Coruna,Granada,0,0,D,1.6,3.94,5.89,1617
05/04/17,Leganes,Real Madrid,2,4,A,8.87,5.1,1.35,1617
05/04/17,Sp Gijon,Malaga,0,1,A,2.71,3.31,2.66,1617
06/04/17,Eibar,Las Palmas,3,1,H,1.84,3.75,4.16,1617
06/04/17,Valencia,Celta,3,2,H,2.01,3.51,3.73,1617
07/04/17,Villarreal,Ath Bilbao,3,1,H,2.26,3.23,3.39,1617
08/04/17,Espanol,Alaves,1,0,H,2.21,3.16,3.57,1617
08/04/17,Malaga,Barcelona,2,0,H,8.65,5.24,1.35,1617
08/04/17,Real Madrid,Ath Madrid,1,1,D,1.79,3.72,4.53,1617
08/04/17,Sevilla,La Coruna,4,2,H,1.53,4.21,6.37,1617
09/04/17,Celta,Eibar,0,2,A,2.31,3.35,3.16,1617
09/04/17,Granada,Valencia,1,3,A,3.37,3.51,2.14,1617
09/04/17,Las Palmas,Betis,4,1,H,2.1,3.47,3.51,1617
09/04/17,Osasuna,Leganes,2,1,H,3.72,3.22,2.13,1617
10/04/17,Sociedad,Sp Gijon,3,1,H,1.46,4.52,6.89,1617
14/04/17,Ath Bilbao,Las Palmas,5,1,H,1.48,4.49,6.61,1617
15/04/17,Ath Madrid,Osasuna,3,0,H,1.16,7.34,18.12,1617
15/04/17,Barcelona,Sociedad,3,2,H,1.21,6.84,13.28,1617
15/04/17,La Coruna,Malaga,2,0,H,2.26,3.28,3.29,1617
15/04/17,Sp Gijon,Real Madrid,2,3,A,6.95,4.88,1.42,1617
16/04/17,Betis,Eibar,2,0,H,2.64,3.3,2.71,1617
16/04/17,Granada,Celta,0,3,A,2.74,3.41,2.55,1617
16/04/17,Leganes,Espanol,0,1,A,2.1,3.15,3.88,1617
16/04/17,Valencia,Sevilla,0,0,D,2.54,3.5,2.69,1617
17/04/17,Alaves,Villarreal,2,1,H,2.92,3.08,2.59,1617
21/04/17,Sevilla,Granada,2,0,H,1.17,7.88,15.45,1617
22/04/17,Espanol,Ath Madrid,0,1,A,5.09,3.6,1.74,1617
22/04/17,Malaga,Valencia,2,0,H,2.24,3.44,3.21,1617
22/04/17,Osasuna,Sp Gijon,2,2,D,2.5,3.44,2.78,1617
22/04/17,Villarreal,Leganes,2,1,H,1.67,3.6,5.78,1617
23/04/17,Celta,Betis,0,1,A,2.07,3.4,3.69,1617
23/04/17,Las Palmas,Alaves,1,1,D,2,3.52,3.76,1617
23/04/17,Real Madrid,Barcelona,2,3,A,2.09,3.86,3.23,1617
23/04/17,Sociedad,La Coruna,1,0,H,1.6,3.96,5.77,1617
24/04/17,Eibar,Ath Bilbao,0,1,A,2.54,3.31,2.81,1617
25/04/17,Ath Madrid,Villarreal,0,1,A,1.44,4.24,8.54,1617
25/04/17,Granada,Malaga,0,2,A,3.67,3.57,2.02,1617
25/04/17,Sp Gijon,Espanol,1,1,D,2.14,3.39,3.48,1617
26/04/17,Barcelona,Osasuna,7,1,H,1.04,18.07,38.59,1617
26/04/17,La Coruna,Real Madrid,2,6,A,7.65,4.93,1.4,1617
26/04/17,Leganes,Las Palmas,3,0,H,1.71,3.78,5.05,1617
26/04/17,Valencia,Sociedad,2,3,A,2.57,3.51,2.67,1617
27/04/17,Alaves,Eibar,0,0,D,2.68,3.2,2.74,1617
27/04/17,Ath Bilbao,Betis,2,1,H,1.36,4.93,8.89,1617
27/04/17,Sevilla,Celta,2,1,H,1.35,5.3,8.3,1617
28/04/17,Villarreal,Sp Gijon,3,1,H,1.42,4.78,7.33,1617
29/04/17,Espanol,Barcelona,0,3,A,14.57,7.13,1.19,1617
29/04/17,Las Palmas,Ath Madrid,0,5,A,4.79,3.86,1.72,1617
29/04/17,Real Madrid,Valencia,2,1,H,1.17,8.52,12.9,1617
29/04/17,Sociedad,Granada,2,1,H,1.16,7.64,16.89,1617
30/04/17,Betis,Alaves,1,4,A,2.17,3.17,3.61,1617
30/04/17,Celta,Ath Bilbao,0,3,A,4.44,3.63,1.81,1617
30/04/17,Eibar,Leganes,2,0,H,2.14,3.22,3.62,1617
30/04/17,Osasuna,La Coruna,2,2,D,3.72,3.53,2,1617
01/05/17,Malaga,Sevilla,4,2,H,3.73,3.68,1.96,1617
05/05/17,Sevilla,Sociedad,1,1,D,1.62,4.2,5.26,1617
06/05/17,Ath Madrid,Eibar,1,0,H,1.3,5.19,11.81,1617
06/05/17,Barcelona,Villarreal,4,1,H,1.16,8.13,15.89,1617
06/05/17,Granada,Real Madrid,0,4,A,21.03,9.77,1.12,1617
06/05/17,Sp Gijon,Las Palmas,1,0,H,1.55,4.63,5.38,1617
07/05/17,Alaves,Ath Bilbao,1,0,H,4.67,3.56,1.81,1617
07/05/17,La Coruna,Espanol,1,2,A,2.03,3.41,3.79,1617
07/05/17,Malaga,Celta,3,0,H,1.42,4.66,7.59,1617
07/05/17,Valencia,Osasuna,4,1,H,1.23,6.57,12.01,1617
08/05/17,Leganes,Betis,4,0,H,1.67,3.73,5.45,1617
13/05/17,Espanol,Valencia,0,1,A,2.36,3.42,3.01,1617
13/05/17,Osasuna,Granada,2,1,H,1.76,3.84,4.5,1617
14/05/17,Alaves,Celta,3,1,H,1.76,3.58,4.94,1617
14/05/17,Ath Bilbao,Leganes,1,1,D,1.42,4.5,8.12,1617
14/05/17,Betis,Ath Madrid,1,1,D,6.05,3.9,1.59,1617
14/05/17,Eibar,Sp Gijon,0,1,A,2,3.89,3.44,1617
14/05/17,Las Palmas,Barcelona,1,4,A,20.72,10.9,1.1,1617
14/05/17,Real Madrid,Sevilla,4,1,H,1.19,8,12.02,1617
14/05/17,Sociedad,Malaga,2,2,D,1.56,4.22,5.88,1617
14/05/17,Villarreal,La Coruna,0,0,D,1.54,4.28,6.02,1617
17/05/17,Celta,Real Madrid,1,4,A,11.67,7.06,1.22,1617
19/05/17,Granada,Espanol,1,2,A,4.46,3.87,1.77,1617
20/05/17,La Coruna,Las Palmas,3,0,H,1.73,4.04,4.43,1617
20/05/17,Leganes,Alaves,1,1,D,2.08,3.36,3.67,1617
20/05/17,Sevilla,Osasuna,5,0,H,1.14,8.69,16.85,1617
20/05/17,Sp Gijon,Betis,2,2,D,2.47,3.44,2.81,1617
21/05/17,Ath Madrid,Ath Bilbao,3,1,H,2,3.48,3.74,1617
21/05/17,Barcelona,Eibar,4,2,H,1.05,13.82,35.35,1617
21/05/17,Celta,Sociedad,2,2,D,4.45,3.8,1.77,1617
21/05/17,Malaga,Real Madrid,0,2,A,10.69,6.84,1.23,1617
21/05/17,Valencia,Villarreal,1,3,A,3,3.51,2.3,1617
21/08/15,Malaga,Sevilla,0,0,D,3.26,3.42,2.2,1516
22/08/15,Ath Madrid,Las Palmas,1,0,H,1.21,6.09,15.65,1516
22/08/15,Espanol,Getafe,1,0,H,1.9,3.37,4.31,1516
22/08/15,La Coruna,Sociedad,0,0,D,2.52,3.14,2.93,1516
22/08/15,Vallecano,Valencia,0,0,D,3.57,3.55,2.02,1516
23/08/15,Ath Bilbao,Barcelona,0,1,A,6.6,4.33,1.49,1516
23/08/15,Betis,Villarreal,1,1,D,2.81,3.22,2.55,1516
23/08/15,Levante,Celta,1,2,A,3.58,3.26,2.13,1516
23/08/15,Sp Gijon,Real Madrid,0,0,D,12.72,6.11,1.23,1516
24/08/15,Granada,Eibar,1,3,A,1.88,3.23,4.64,1516
28/08/15,Villarreal,Espanol,3,1,H,1.56,3.84,6.5,1516
29/08/15,Barcelona,Malaga,1,0,H,1.11,8.96,24.11,1516
29/08/15,Celta,Vallecano,3,0,H,1.54,4.14,5.91,1516
29/08/15,Real Madrid,Betis,5,0,H,1.11,9.34,21.71,1516
29/08/15,Sociedad,Sp Gijon,0,0,D,1.86,3.35,4.53,1516
30/08/15,Eibar,Ath Bilbao,2,0,H,3.79,3.14,2.1,1516
30/08/15,Getafe,Granada,1,2,A,2.04,3.18,3.87,1516
30/08/15,Las Palmas,Levante,0,0,D,1.9,3.26,4.35,1516
30/08/15,Sevilla,Ath Madrid,0,3,A,2.74,3.17,2.63,1516
30/08/15,Valencia,La Coruna,1,1,D,1.41,4.42,8.02,1516
11/09/15,Levante,Sevilla,1,1,D,4.66,3.63,1.78,1516
12/09/15,Ath Madrid,Barcelona,1,2,A,3.27,3.28,2.26,1516
12/09/15,Betis,Sociedad,1,0,H,2.35,3.26,3.09,1516
12/09/15,Espanol,Real Madrid,0,6,A,9.45,5.23,1.32,1516
12/09/15,Sp Gijon,Valencia,0,1,A,3.29,3.24,2.26,1516
13/09/15,Ath Bilbao,Getafe,3,1,H,1.57,3.81,6.43,1516
13/09/15,Celta,Las Palmas,3,3,D,1.49,4.19,6.8,1516
13/09/15,Granada,Villarreal,1,3,A,3.39,3.2,2.24,1516
13/09/15,Malaga,Eibar,0,0,D,1.76,3.52,4.94,1516
14/09/15,Vallecano,La Coruna,1,3,A,2.12,3.46,3.38,1516
18/09/15,Getafe,Malaga,1,0,H,2.6,3.06,2.94,1516
19/09/15,Eibar,Ath Madrid,0,2,A,6.94,3.71,1.56,1516
19/09/15,Real Madrid,Granada,1,0,H,1.06,13.7,30.41,1516
19/09/15,Sociedad,Espanol,2,3,A,1.96,3.37,4.04,1516
19/09/15,Valencia,Betis,0,0,D,1.49,4.27,6.67,1516
20/09/15,Barcelona,Levante,4,1,H,1.06,13.76,32.5,1516
20/09/15,La Coruna,Sp Gijon,2,3,A,2.01,3.27,3.97,1516
20/09/15,Las Palmas,Vallecano,0,1,A,1.89,3.64,3.99,1516
20/09/15,Sevilla,Celta,1,2,A,1.81,3.69,4.28,1516
20/09/15,Villarreal,Ath Bilbao,3,1,H,1.99,3.34,3.97,1516
22/09/15,Ath Madrid,Getafe,2,0,H,1.26,5.38,14.18,1516
22/09/15,Espanol,Valencia,1,0,H,3.21,3.26,2.29,1516
22/09/15,Granada,Sociedad,0,3,A,2.44,3.11,3.1,1516
23/09/15,Ath Bilbao,Real Madrid,1,2,A,5.29,4.06,1.62,1516
23/09/15,Celta,Barcelona,4,1,H,5.96,4.42,1.51,1516
23/09/15,Las Palmas,Sevilla,2,0,H,3.27,3.41,2.19,1516
23/09/15,Levante,Eibar,2,2,D,2.4,3.06,3.2,1516
23/09/15,Malaga,Villarreal,0,1,A,2.73,3.17,2.66,1516
23/09/15,Vallecano,Sp Gijon,2,1,H,2.19,3.38,3.28,1516
24/09/15,Betis,La Coruna,1,2,A,2.19,3.27,3.41,1516
25/09/15,Valencia,Granada,1,0,H,1.45,4.36,7.64,1516
26/09/15,Barcelona,Las Palmas,2,1,H,1.09,10.79,24.93,1516
26/09/15,Eibar,Celta,1,1,D,3.76,3.34,2.05,1516
26/09/15,Real Madrid,Malaga,0,0,D,1.13,8.59,19.64,1516
26/09/15,Sevilla,Vallecano,3,2,H,1.48,4.44,6.58,1516
26/09/15,Villarreal,Ath Madrid,1,0,H,2.86,3.08,2.62,1516
27/09/15,Getafe,Levante,3,0,H,1.94,3.27,4.25,1516
27/09/15,La Coruna,Espanol,3,0,H,2.08,3.31,3.71,1516
27/09/15,Sociedad,Ath Bilbao,0,0,D,2.48,3.18,2.95,1516
27/09/15,Sp Gijon,Betis,1,2,A,2.28,3.22,3.25,1516
02/10/15,Celta,Getafe,0,0,D,1.48,4.32,6.84,1516
03/10/15,Espanol,Sp Gijon,1,2,A,1.98,3.33,3.98,1516
03/10/15,Granada,La Coruna,1,1,D,2.6,3.13,2.85,1516
03/10/15,Las Palmas,Eibar,0,2,A,2.08,3.23,3.79,1516
03/10/15,Malaga,Sociedad,3,1,H,2.37,3.12,3.2,1516
03/10/15,Sevilla,Barcelona,2,1,H,3.96,3.68,1.88,1516
04/10/15,Ath Bilbao,Valencia,3,1,H,2.35,3.23,3.11,1516
04/10/15,Ath Madrid,Real Madrid,1,1,D,3.06,3.25,2.38,1516
04/10/15,Levante,Villarreal,1,0,H,4.24,3.38,1.91,1516
04/10/15,Vallecano,Betis,0,2,A,2.14,3.55,3.26,1516
17/10/15,Barcelona,Vallecano,5,2,H,1.15,8.42,16.07,1516
17/10/15,Betis,Espanol,1,3,A,2.03,3.33,3.82,1516
17/10/15,Eibar,Sevilla,1,1,D,3.46,3.36,2.14,1516
17/10/15,Real Madrid,Levante,3,0,H,1.09,10.88,25.79,1516
17/10/15,Valencia,Malaga,3,0,H,1.62,3.84,5.73,1516
18/10/15,Getafe,Las Palmas,4,0,H,2.14,3.18,3.65,1516
18/10/15,La Coruna,Ath Bilbao,2,2,D,2.67,3.09,2.8,1516
18/10/15,Sociedad,Ath Madrid,0,2,A,4.03,3.18,2.04,1516
18/10/15,Villarreal,Celta,1,2,A,2.01,3.48,3.7,1516
19/10/15,Sp Gijon,Granada,3,3,D,2.02,3.26,3.98,1516
23/10/15,Vallecano,Espanol,3,0,H,2.19,3.45,3.28,1516
24/10/15,Celta,Real Madrid,1,3,A,3.82,3.79,1.89,1516
24/10/15,Granada,Betis,1,1,D,2.32,3.26,3.16,1516
24/10/15,Malaga,La Coruna,2,0,H,2.29,3.24,3.24,1516
24/10/15,Sevilla,Getafe,5,0,H,1.47,4.31,7.14,1516
25/10/15,Ath Madrid,Valencia,2,1,H,1.57,3.81,6.5,1516
25/10/15,Barcelona,Eibar,3,1,H,1.11,9.33,21.88,1516
25/10/15,Las Palmas,Villarreal,0,0,D,3.51,3.27,2.15,1516
25/10/15,Levante,Sociedad,0,4,A,2.68,3.04,2.83,1516
26/10/15,Ath Bilbao,Sp Gijon,3,0,H,1.53,3.97,6.58,1516
30/10/15,La Coruna,Ath Madrid,1,1,D,5.23,3.46,1.75,1516
31/10/15,Getafe,Barcelona,0,2,A,9.9,5.52,1.3,1516
31/10/15,Real Madrid,Las Palmas,3,1,H,1.1,10.21,24.33,1516
31/10/15,Sociedad,Celta,2,3,A,2.68,3.21,2.7,1516
31/10/15,Valencia,Levante,3,0,H,1.44,4.35,7.67,1516
31/10/15,Villarreal,Sevilla,2,1,H,2.21,3.35,3.28,1516
01/11/15,Betis,Ath Bilbao,1,3,A,3.15,3.29,2.3,1516
01/11/15,Eibar,Vallecano,1,0,H,2.15,3.36,3.43,1516
01/11/15,Espanol,Granada,1,1,D,1.99,3.34,3.93,1516
01/11/15,Sp Gijon,Malaga,1,0,H,2.37,3.22,3.1,1516
06/11/15,Las Palmas,Sociedad,2,0,H,2.72,3.14,2.76,1516
07/11/15,Celta,Valencia,1,5,A,1.86,3.66,4.14,1516
07/11/15,Eibar,Getafe,3,1,H,2.1,3.15,3.82,1516
07/11/15,Levante,La Coruna,1,1,D,2.6,3.12,2.86,1516
07/11/15,Malaga,Betis,0,1,A,1.93,3.46,4.05,1516
07/11/15,Vallecano,Granada,2,1,H,1.91,3.54,4.05,1516
08/11/15,Ath Bilbao,Espanol,2,1,H,1.45,4.4,7.3,1516
08/11/15,Ath Madrid,Sp Gijon,1,0,H,1.22,5.96,15.26,1516
08/11/15,Barcelona,Villarreal,3,0,H,1.32,5.3,9.36,1516
08/11/15,Sevilla,Real Madrid,3,2,H,3.8,3.8,1.89,1516
21/11/15,Espanol,Malaga,2,0,H,2.37,3.13,3.18,1516
21/11/15,La Coruna,Celta,2,0,H,3.23,3.44,2.2,1516
21/11/15,Real Madrid,Barcelona,0,4,A,2.44,3.59,2.79,1516
21/11/15,Sociedad,Sevilla,2,0,H,2.61,3.38,2.67,1516
21/11/15,Valencia,Las Palmas,1,1,D,1.5,4.16,6.76,1516
22/11/15,Betis,Ath Madrid,0,1,A,5.72,3.76,1.63,1516
22/11/15,Granada,Ath Bilbao,2,0,H,3.69,3.31,2.07,1516
22/11/15,Sp Gijon,Levante,0,3,A,2.16,3.23,3.54,1516
22/11/15,Villarreal,Eibar,1,1,D,1.52,4.01,6.78,1516
23/11/15,Getafe,Vallecano,1,1,D,2.43,3.29,2.93,1516
27/11/15,Levante,Betis,0,1,A,2.08,3.32,3.7,1516
28/11/15,Ath Madrid,Espanol,1,0,H,1.25,5.53,13.67,1516
28/11/15,Barcelona,Sociedad,4,0,H,1.07,12,27.81,1516
28/11/15,Celta,Sp Gijon,2,1,H,1.4,4.82,7.66,1516
28/11/15,Las Palmas,La Coruna,0,2,A,2.34,3.2,3.18,1516
28/11/15,Malaga,Granada,2,2,D,1.81,3.43,4.79,1516
29/11/15,Eibar,Real Madrid,0,2,A,7.01,4.72,1.43,1516
29/11/15,Getafe,Villarreal,2,0,H,3.11,3.19,2.37,1516
29/11/15,Sevilla,Valencia,1,0,H,1.77,3.86,4.34,1516
29/11/15,Vallecano,Ath Bilbao,0,3,A,3.07,3.39,2.3,1516
05/12/15,Betis,Celta,1,1,D,3.33,3.5,2.14,1516
05/12/15,Granada,Ath Madrid,0,2,A,6.96,3.68,1.57,1516
05/12/15,La Coruna,Sevilla,1,1,D,2.94,3.44,2.36,1516
05/12/15,Real Madrid,Getafe,4,1,H,1.11,9.63,21.79,1516
05/12/15,Valencia,Barcelona,1,1,D,9.26,5.57,1.31,1516
06/12/15,Ath Bilbao,Malaga,0,0,D,1.48,4.23,7.04,1516
06/12/15,Sociedad,Eibar,2,1,H,1.86,3.47,4.39,1516
06/12/15,Sp Gijon,Las Palmas,3,1,H,2.28,3.26,3.22,1516
06/12/15,Villarreal,Vallecano,2,1,H,1.57,3.99,6.04,1516
07/12/15,Espanol,Levante,1,1,D,2,3.29,3.95,1516
11/12/15,Getafe,Sociedad,1,1,D,2.73,3.15,2.72,1516
12/12/15,Barcelona,La Coruna,2,2,D,1.07,12.18,26.87,1516
12/12/15,Celta,Espanol,1,0,H,1.52,4.29,6.13,1516
12/12/15,Las Palmas,Betis,1,0,H,2.1,3.37,3.55,1516
12/12/15,Levante,Granada,1,2,A,2.07,3.17,3.89,1516
12/12/15,Sevilla,Sp Gijon,2,0,H,1.34,5.16,8.87,1516
13/12/15,Ath Madrid,Ath Bilbao,2,1,H,1.58,3.76,6.39,1516
13/12/15,Eibar,Valencia,1,1,D,2.52,3.21,2.88,1516
13/12/15,Vallecano,Malaga,1,2,A,2.29,3.3,3.16,1516
13/12/15,Villarreal,Real Madrid,1,0,H,4.77,4.07,1.67,1516
19/12/15,Betis,Sevilla,0,0,D,3.76,3.61,1.95,1516
19/12/15,Espanol,Las Palmas,1,0,H,2.04,3.33,3.8,1516
19/12/15,La Coruna,Eibar,2,0,H,2.01,3.31,3.93,1516
19/12/15,Valencia,Getafe,2,2,D,1.67,3.69,5.49,1516
20/12/15,Ath Bilbao,Levante,2,0,H,1.39,4.42,9.13,1516
20/12/15,Granada,Celta,0,2,A,3.21,3.29,2.27,1516
20/12/15,Malaga,Ath Madrid,1,0,H,5.11,3.4,1.77,1516
20/12/15,Real Madrid,Vallecano,10,2,H,1.09,11.37,21.2,1516
20/12/15,Sociedad,Villarreal,0,2,A,2.42,3.16,3.07,1516
30/12/15,Barcelona,Betis,4,0,H,1.05,14.6,33.42,1516
30/12/15,Celta,Ath Bilbao,0,1,A,2.48,3.31,2.85,1516
30/12/15,Eibar,Sp Gijon,2,0,H,1.85,3.42,4.45,1516
30/12/15,Getafe,La Coruna,0,0,D,2.54,3.13,2.92,1516
30/12/15,Las Palmas,Granada,4,1,H,2.06,3.28,3.77,1516
30/12/15,Levante,Malaga,0,1,A,2.69,3.07,2.79,1516
30/12/15,Real Madrid,Sociedad,3,1,H,1.11,9.67,19.96,1516
30/12/15,Sevilla,Espanol,2,0,H,1.41,4.71,7.48,1516
30/12/15,Vallecano,Ath Madrid,0,2,A,6.3,3.98,1.55,1516
31/12/15,Villarreal,Valencia,1,0,H,1.84,3.47,4.49,1516
02/01/16,Ath Madrid,Levante,1,0,H,1.19,6.21,18.61,1516
02/01/16,Espanol,Barcelona,0,0,D,14.48,6.81,1.19,1516
02/01/16,Malaga,Celta,2,0,H,2.37,3.19,3.13,1516
03/01/16,Ath Bilbao,Las Palmas,2,2,D,1.37,4.64,9.37,1516
03/01/16,Betis,Eibar,0,4,A,2.43,3.24,2.99,1516
03/01/16,Granada,Sevilla,2,1,H,4.34,3.5,1.86,1516
03/01/16,La Coruna,Villarreal,1,2,A,2.72,3.15,2.69,1516
03/01/16,Valencia,Real Madrid,2,2,D,5.6,4.35,1.55,1516
03/01/16,Vallecano,Sociedad,2,2,D,2.57,3.27,2.78,1516
04/01/16,Sp Gijon,Getafe,1,2,A,2.23,3.23,3.36,1516
09/01/16,Barcelona,Granada,4,0,H,1.04,15.67,36.77,1516
09/01/16,Getafe,Betis,1,0,H,1.96,3.39,3.98,1516
09/01/16,Levante,Vallecano,2,1,H,2.19,3.31,3.36,1516
09/01/16,Real Madrid,La Coruna,5,0,H,1.12,9.05,19.81,1516
09/01/16,Sevilla,Ath Bilbao,2,0,H,2.01,3.52,3.65,1516
10/01/16,Celta,Ath Madrid,0,2,A,4.45,3.41,1.86,1516
10/01/16,Eibar,Espanol,2,1,H,1.99,3.31,3.99,1516
10/01/16,Las Palmas,Malaga,1,1,D,2.65,3.08,2.81,1516
10/01/16,Sociedad,Valencia,2,0,H,2.22,3.31,3.31,1516
10/01/16,Villarreal,Sp Gijon,2,0,H,1.47,4.22,7.19,1516
16/01/16,Celta,Levante,4,3,H,1.61,3.82,5.85,1516
16/01/16,Sevilla,Malaga,2,1,H,1.66,3.81,5.3,1516
16/01/16,Sociedad,La Coruna,1,1,D,1.96,3.35,4.08,1516
16/01/16,Villarreal,Betis,0,0,D,1.47,4.21,7.29,1516
17/01/16,Barcelona,Ath Bilbao,6,0,H,1.14,8.4,19.69,1516
17/01/16,Getafe,Espanol,3,1,H,2.17,3.21,3.55,1516
17/01/16,Las Palmas,Ath Madrid,0,3,A,6.45,3.74,1.58,1516
17/01/16,Real Madrid,Sp Gijon,5,1,H,1.07,12.81,25.76,1516
17/01/16,Valencia,Vallecano,2,2,D,1.6,4.05,5.47,1516
18/01/16,Eibar,Granada,5,1,H,1.79,3.46,4.85,1516
22/01/16,Sp Gijon,Sociedad,5,1,H,2.94,3.21,2.5,1516
23/01/16,Espanol,Villarreal,2,2,D,2.89,3.15,2.55,1516
23/01/16,Granada,Getafe,3,2,H,2.56,3.16,2.88,1516
23/01/16,Malaga,Barcelona,1,2,A,8.9,5.14,1.34,1516
23/01/16,Vallecano,Celta,3,0,H,2.67,3.43,2.58,1516
24/01/16,Ath Bilbao,Eibar,5,2,H,1.68,3.67,5.36,1516
24/01/16,Ath Madrid,Sevilla,0,0,D,1.63,3.65,5.99,1516
24/01/16,Betis,Real Madrid,1,1,D,9.67,5.67,1.29,1516
24/01/16,La Coruna,Valencia,1,1,D,2.19,3.28,3.41,1516
25/01/16,Levante,Las Palmas,3,2,H,2.34,3.17,3.19,1516
30/01/16,Barcelona,Ath Madrid,2,1,H,1.5,4.18,6.85,1516
30/01/16,Eibar,Malaga,1,2,A,2.44,3.19,3.03,1516
30/01/16,Getafe,Ath Bilbao,0,1,A,3.35,3.27,2.23,1516
30/01/16,Sociedad,Betis,2,1,H,1.7,3.71,5.14,1516
30/01/16,Villarreal,Granada,1,0,H,1.48,4.19,7.26,1516
31/01/16,Las Palmas,Celta,2,1,H,2.43,3.25,2.97,1516
31/01/16,Real Madrid,Espanol,6,0,H,1.09,10.5,23.25,1516
31/01/16,Sevilla,Levante,3,1,H,1.35,4.88,9.53,1516
31/01/16,Valencia,Sp Gijon,0,1,A,1.73,3.76,4.77,1516
01/02/16,La Coruna,Vallecano,2,2,D,1.88,3.55,4.2,1516
05/02/16,Malaga,Getafe,3,0,H,1.64,3.66,5.98,1516
06/02/16,Ath Bilbao,Villarreal,0,0,D,1.82,3.52,4.54,1516
06/02/16,Ath Madrid,Eibar,3,1,H,1.4,4.43,8.81,1516
06/02/16,Sp Gijon,La Coruna,1,1,D,2.53,3.19,2.89,1516
06/02/16,Vallecano,Las Palmas,2,0,H,1.89,3.63,3.99,1516
07/02/16,Betis,Valencia,1,0,H,2.59,3.19,2.81,1516
07/02/16,Celta,Sevilla,1,1,D,3.06,3.32,2.35,1516
07/02/16,Granada,Real Madrid,1,2,A,10.87,5.97,1.26,1516
07/02/16,Levante,Barcelona,0,2,A,15.76,7.11,1.18,1516
08/02/16,Espanol,Sociedad,0,5,A,2.65,3.16,2.77,1516
12/02/16,Sp Gijon,Vallecano,2,2,D,2.45,3.36,2.9,1516
13/02/16,La Coruna,Betis,2,2,D,1.81,3.49,4.66,1516
13/02/16,Real Madrid,Ath Bilbao,4,2,H,1.29,5.74,9.58,1516
13/02/16,Valencia,Espanol,2,1,H,1.74,3.65,4.89,1516
13/02/16,Villarreal,Malaga,1,0,H,2.08,3.21,3.83,1516
14/02/16,Barcelona,Celta,6,1,H,1.08,11.62,27.82,1516
14/02/16,Eibar,Levante,2,0,H,1.81,3.5,4.62,1516
14/02/16,Getafe,Ath Madrid,0,1,A,6.95,3.75,1.56,1516
14/02/16,Sevilla,Las Palmas,2,0,H,1.32,5.2,9.88,1516
14/02/16,Sociedad,Granada,3,0,H,1.58,3.89,6.07,1516
17/02/16,Sp Gijon,Barcelona,1,3,A,18.3,8.02,1.14,1516
19/02/16,Levante,Getafe,3,0,H,2.17,3.31,3.47,1516
20/02/16,Betis,Sp Gijon,1,1,D,2.01,3.31,3.93,1516
20/02/16,Celta,Eibar,3,2,H,1.98,3.47,3.86,1516
20/02/16,Espanol,La Coruna,1,0,H,2.45,3.23,2.98,1516
20/02/16,Las Palmas,Barcelona,1,2,A,15.62,6.86,1.19,1516
21/02/16,Ath Bilbao,Sociedad,0,1,A,1.8,3.58,4.54,1516
21/02/16,Ath Madrid,Villarreal,0,0,D,1.53,3.83,7.23,1516
21/02/16,Granada,Valencia,1,2,A,2.78,3.24,2.58,1516
21/02/16,Malaga,Real Madrid,1,1,D,4.65,3.91,1.72,1516
21/02/16,Vallecano,Sevilla,2,2,D,3.08,3.57,2.22,1516
26/02/16,Eibar,Las Palmas,0,1,A,1.76,3.62,4.84,1516
27/02/16,Betis,Vallecano,2,2,D,2.23,3.38,3.22,1516
27/02/16,Getafe,Celta,0,1,A,3.07,3.32,2.33,1516
27/02/16,Real Madrid,Ath Madrid,0,1,A,1.78,3.6,4.7,1516
27/02/16,Sociedad,Malaga,1,1,D,2.23,3.21,3.39,1516
27/02/16,Sp Gijon,Espanol,2,4,A,2.29,3.28,3.19,1516
28/02/16,Barcelona,Sevilla,2,1,H,1.18,7.53,14.24,1516
28/02/16,La Coruna,Granada,0,1,A,1.81,3.49,4.64,1516
28/02/16,Valencia,Ath Bilbao,0,3,A,2.28,3.28,3.21,1516
28/02/16,Villarreal,Levante,3,0,H,1.66,3.64,5.61,1516
01/03/16,Ath Madrid,Sociedad,3,0,H,1.45,4.12,8.4,1516
01/03/16,Las Palmas,Getafe,4,0,H,2.02,3.39,3.81,1516
02/03/16,Ath Bilbao,La Coruna,4,1,H,1.51,4.1,6.69,1516
02/03/16,Celta,Villarreal,0,0,D,2.17,3.28,3.44,1516
02/03/16,Levante,Real Madrid,1,3,A,6.42,4.56,1.47,1516
02/03/16,Malaga,Valencia,1,2,A,2.03,3.3,3.87,1516
02/03/16,Sevilla,Eibar,1,0,H,1.42,4.62,7.39,1516
03/03/16,Espanol,Betis,0,3,A,2.02,3.37,3.79,1516
03/03/16,Granada,Sp Gijon,2,0,H,2.08,3.35,3.64,1516
03/03/16,Vallecano,Barcelona,1,5,A,13.29,7.28,1.19,1516
05/03/16,Getafe,Sevilla,1,1,D,3.71,3.53,2,1516
05/03/16,La Coruna,Malaga,3,3,D,2.58,3.13,2.87,1516
05/03/16,Real Madrid,Celta,7,1,H,1.31,5.78,8.57,1516
05/03/16,Villarreal,Las Palmas,0,1,A,1.61,3.79,5.92,1516
06/03/16,Betis,Granada,2,0,H,2.08,3.32,3.64,1516
06/03/16,Eibar,Barcelona,0,4,A,12.3,6.2,1.23,1516
06/03/16,Sociedad,Levante,1,1,D,1.58,3.95,5.87,1516
06/03/16,Sp Gijon,Ath Bilbao,0,2,A,3.96,3.37,1.98,1516
06/03/16,Valencia,Ath Madrid,1,3,A,4.15,3.23,1.99,1516
07/03/16,Espanol,Vallecano,2,1,H,1.99,3.57,3.68,1516
11/03/16,Malaga,Sp Gijon,1,0,H,1.61,3.84,5.93,1516
12/03/16,Ath Madrid,La Coruna,3,0,H,1.25,5.37,16.11,1516
12/03/16,Barcelona,Getafe,6,0,H,1.05,15.21,31,1516
12/03/16,Celta,Sociedad,1,0,H,2.09,3.44,3.53,1516
12/03/16,Vallecano,Eibar,1,1,D,2.17,3.54,3.24,1516
13/03/16,Ath Bilbao,Betis,3,1,H,1.46,4.33,7.16,1516
13/03/16,Las Palmas,Real Madrid,1,2,A,8.47,5.23,1.34,1516
13/03/16,Levante,Valencia,1,0,H,2.6,3.24,2.77,1516
13/03/16,Sevilla,Villarreal,4,2,H,1.68,3.72,5.24,1516
14/03/16,Granada,Espanol,1,1,D,2.22,3.29,3.34,1516
18/03/16,Getafe,Eibar,1,1,D,2.13,3.26,3.68,1516
19/03/16,Betis,Malaga,0,1,A,2.61,3.16,2.82,1516
19/03/16,Granada,Vallecano,2,2,D,2.14,3.48,3.36,1516
19/03/16,La Coruna,Levante,2,1,H,1.89,3.44,4.28,1516
19/03/16,Sociedad,Las Palmas,0,1,A,1.67,3.77,5.28,1516
19/03/16,Sp Gijon,Ath Madrid,2,1,H,7.55,3.88,1.51,1516
20/03/16,Espanol,Ath Bilbao,2,1,H,3.13,3.37,2.28,1516
20/03/16,Real Madrid,Sevilla,4,0,H,1.35,5.34,7.78,1516
20/03/16,Valencia,Celta,0,2,A,2.29,3.41,3.07,1516
20/03/16,Villarreal,Barcelona,2,2,D,9.18,5.08,1.34,1516
01/04/16,Vallecano,Getafe,2,0,H,1.9,3.66,4.01,1516
02/04/16,Ath Madrid,Betis,5,1,H,1.37,4.58,9.38,1516
02/04/16,Barcelona,Real Madrid,1,2,A,1.59,4.44,5.12,1516
02/04/16,Celta,La Coruna,1,1,D,1.75,3.75,4.62,1516
02/04/16,Las Palmas,Valencia,2,1,H,2.38,3.31,3.01,1516
03/04/16,Ath Bilbao,Granada,1,1,D,1.49,4.19,6.99,1516
03/04/16,Eibar,Villarreal,1,2,A,2.96,3.11,2.52,1516
03/04/16,Malaga,Espanol,1,1,D,1.85,3.49,4.45,1516
03/04/16,Sevilla,Sociedad,1,2,A,1.63,3.95,5.4,1516
04/04/16,Levante,Sp Gijon,0,0,D,2.09,3.33,3.61,1516
08/04/16,Granada,Malaga,0,0,D,2.27,3.25,3.28,1516
09/04/16,Betis,Levante,1,0,H,2.05,3.4,3.66,1516
09/04/16,Espanol,Ath Madrid,1,3,A,4.1,3.24,2,1516
09/04/16,Real Madrid,Eibar,4,0,H,1.16,7.73,16.46,1516
09/04/16,Sociedad,Barcelona,1,0,H,6.21,4.3,1.51,1516
10/04/16,Ath Bilbao,Vallecano,1,0,H,1.58,4.16,5.5,1516
10/04/16,Sp Gijon,Celta,0,1,A,2.95,3.36,2.39,1516
10/04/16,Valencia,Sevilla,2,1,H,2.31,3.47,2.97,1516
10/04/16,Villarreal,Getafe,2,0,H,1.51,4,7.01,1516
11/04/16,La Coruna,Las Palmas,1,3,A,2.12,3.32,3.53,1516
15/04/16,Levante,Espanol,2,1,H,2.43,3.29,3,1516
16/04/16,Celta,Betis,1,1,D,1.56,4.18,5.81,1516
16/04/16,Eibar,Sociedad,2,1,H,2.73,3.21,2.66,1516
16/04/16,Getafe,Real Madrid,1,5,A,10.01,5.71,1.29,1516
16/04/16,Las Palmas,Sp Gijon,1,1,D,1.91,3.5,4.06,1516
17/04/16,Ath Madrid,Granada,3,0,H,1.23,5.75,15.13,1516
17/04/16,Barcelona,Valencia,1,2,A,1.15,8.39,15.99,1516
17/04/16,Malaga,Ath Bilbao,0,1,A,2.36,3.17,3.18,1516
17/04/16,Sevilla,La Coruna,1,1,D,1.52,4.4,5.86,1516
17/04/16,Vallecano,Villarreal,2,1,H,2.61,3.32,2.69,1516
19/04/16,Betis,Las Palmas,1,0,H,2.14,3.36,3.51,1516
19/04/16,Espanol,Celta,1,1,D,2.47,3.32,2.89,1516
20/04/16,Ath Bilbao,Ath Madrid,0,1,A,3.99,3.29,2.01,1516
20/04/16,La Coruna,Barcelona,0,8,A,12.86,6.96,1.21,1516
20/04/16,Malaga,Vallecano,1,1,D,1.92,3.6,3.94,1516
20/04/16,Real Madrid,Villarreal,3,0,H,1.21,7.18,11.6,1516
20/04/16,Sp Gijon,Sevilla,2,1,H,3.11,3.42,2.28,1516
20/04/16,Valencia,Eibar,4,0,H,1.63,4.04,5.25,1516
21/04/16,Granada,Levante,5,1,H,1.96,3.4,4,1516
21/04/16,Sociedad,Getafe,1,2,A,1.54,4.16,6.08,1516
22/04/16,Las Palmas,Espanol,4,0,H,2.24,3.25,3.37,1516
23/04/16,Ath Madrid,Malaga,1,0,H,1.33,4.77,10.47,1516
23/04/16,Barcelona,Sp Gijon,6,0,H,1.04,18.44,33.53,1516
23/04/16,Eibar,La Coruna,1,1,D,2.22,3.34,3.27,1516
23/04/16,Vallecano,Real Madrid,2,3,A,8.18,5.38,1.34,1516
24/04/16,Getafe,Valencia,2,2,D,3.09,3.36,2.3,1516
24/04/16,Levante,Ath Bilbao,2,2,D,3.31,3.26,2.24,1516
24/04/16,Sevilla,Betis,2,0,H,1.51,4.35,6.08,1516
24/04/16,Villarreal,Sociedad,0,0,D,1.79,3.59,4.59,1516
25/04/16,Celta,Granada,2,1,H,1.55,4.13,5.9,1516
29/04/16,Sp Gijon,Eibar,2,0,H,1.63,3.87,5.65,1516
30/04/16,Ath Madrid,Vallecano,1,0,H,1.28,5.68,10.77,1516
30/04/16,Betis,Barcelona,0,2,A,20.8,9.15,1.12,1516
30/04/16,Granada,Las Palmas,3,2,H,1.59,3.93,5.94,1516
30/04/16,Sociedad,Real Madrid,0,1,A,4.88,4.02,1.68,1516
01/05/16,Ath Bilbao,Celta,2,1,H,1.84,3.65,4.2,1516
01/05/16,Espanol,Sevilla,1,0,H,2.32,3.43,3.01,1516
01/05/16,La Coruna,Getafe,0,2,A,2.25,3.4,3.18,1516
01/05/16,Valencia,Villarreal,0,2,A,2.13,3.42,3.43,1516
02/05/16,Malaga,Levante,3,1,H,2.17,3.36,3.37,1516
08/05/16,Barcelona,Espanol,5,0,H,1.03,18.64,38.17,1516
08/05/16,Celta,Malaga,1,0,H,1.5,4.28,6.46,1516
08/05/16,Eibar,Betis,1,1,D,2.13,3.43,3.42,1516
08/05/16,Getafe,Sp Gijon,1,1,D,2.12,3.43,3.43,1516
08/05/16,Las Palmas,Ath Bilbao,0,0,D,3.96,3.6,1.91,1516
08/05/16,Levante,Ath Madrid,2,1,H,16.68,6.12,1.21,1516
08/05/16,Real Madrid,Valencia,3,2,H,1.2,7.36,12.1,1516
08/05/16,Sevilla,Granada,1,4,A,2.79,3.6,2.39,1516
08/05/16,Sociedad,Vallecano,2,1,H,3.41,3.66,2.05,1516
08/05/16,Villarreal,La Coruna,0,2,A,2.44,3.17,3.03,1516
13/05/16,Valencia,Sociedad,0,1,A,1.98,3.71,3.63,1516
14/05/16,Ath Bilbao,Sevilla,3,1,H,1.35,5.33,8.08,1516
14/05/16,Ath Madrid,Celta,2,0,H,1.82,3.76,4.22,1516
14/05/16,Granada,Barcelona,0,3,A,24.88,10.79,1.09,1516
14/05/16,La Coruna,Real Madrid,0,2,A,12.36,7.51,1.2,1516
15/05/16,Betis,Getafe,2,1,H,4.79,3.87,1.71,1516
15/05/16,Espanol,Eibar,4,2,H,2,3.57,3.64,1516
15/05/16,Malaga,Las Palmas,4,1,H,1.82,3.63,4.34,1516
15/05/16,Sp Gijon,Villarreal,2,0,H,1.45,4.46,7.18,1516
15/05/16,Vallecano,Levante,3,1,H,1.33,5.4,8.52,1516
23/08/14,Almeria,Espanol,1,1,D,2.66,3.18,2.75,1415
23/08/14,Granada,La Coruna,2,1,H,2.03,3.23,3.99,1415
23/08/14,Malaga,Ath Bilbao,1,0,H,2.83,3.23,2.55,1415
23/08/14,Sevilla,Valencia,1,1,D,2.05,3.41,3.66,1415
24/08/14,Barcelona,Elche,3,0,H,1.09,10.13,26,1415
24/08/14,Celta,Getafe,3,1,H,1.89,3.49,4.09,1415
24/08/14,Eibar,Sociedad,1,0,H,3.32,3.29,2.23,1415
24/08/14,Levante,Villarreal,0,2,A,3.54,3.25,2.15,1415
25/08/14,Real Madrid,Cordoba,2,0,H,1.07,12.27,30.06,1415
25/08/14,Vallecano,Ath Madrid,0,0,D,6.38,4.15,1.52,1415
29/08/14,Getafe,Almeria,1,0,H,2.06,3.33,3.78,1415
29/08/14,Valencia,Malaga,3,0,H,1.56,4.04,6.13,1415
30/08/14,Ath Bilbao,Levante,3,0,H,1.34,4.87,10.18,1415
30/08/14,Ath Madrid,Eibar,2,1,H,1.24,5.85,13.4,1415
30/08/14,Cordoba,Celta,1,1,D,3.25,3.25,2.28,1415
30/08/14,Espanol,Sevilla,1,2,A,2.48,3.23,2.92,1415
31/08/14,Elche,Granada,1,1,D,2.25,3.16,3.36,1415
31/08/14,La Coruna,Vallecano,2,2,D,2.27,3.25,3.22,1415
31/08/14,Sociedad,Real Madrid,4,2,H,7.9,4.87,1.38,1415
31/08/14,Villarreal,Barcelona,0,1,A,5.31,4.13,1.6,1415
12/09/14,Almeria,Cordoba,1,1,D,2.05,3.25,3.93,1415
13/09/14,Barcelona,Ath Bilbao,2,0,H,1.32,5.42,9.19,1415
13/09/14,Celta,Sociedad,2,2,D,2.23,3.35,3.26,1415
13/09/14,Malaga,Levante,0,0,D,1.58,3.72,6.37,1415
13/09/14,Real Madrid,Ath Madrid,1,2,A,1.67,3.77,5.35,1415
14/09/14,Granada,Villarreal,0,0,D,3.58,3.19,2.17,1415
14/09/14,Sevilla,Getafe,2,0,H,1.45,4.37,7.51,1415
14/09/14,Valencia,Espanol,3,1,H,1.62,3.8,5.81,1415
14/09/14,Vallecano,Elche,2,3,A,1.75,3.59,4.91,1415
15/09/14,Eibar,La Coruna,0,1,A,2.09,3.18,3.84,1415
19/09/14,Elche,Eibar,0,2,A,2.21,3.05,3.7,1415
20/09/14,Ath Bilbao,Granada,0,1,A,1.43,4.38,7.81,1415
20/09/14,Ath Madrid,Celta,2,2,D,1.47,4.22,7.4,1415
20/09/14,Espanol,Malaga,2,2,D,2.12,3.26,3.63,1415
20/09/14,La Coruna,Real Madrid,2,8,A,10.21,5.8,1.28,1415
21/09/14,Cordoba,Sevilla,1,3,A,4.07,3.32,1.96,1415
21/09/14,Levante,Barcelona,0,5,A,15.43,7.24,1.18,1415
21/09/14,Sociedad,Almeria,1,2,A,1.44,4.4,7.35,1415
21/09/14,Villarreal,Vallecano,4,2,H,1.54,4.03,6.32,1415
22/09/14,Getafe,Valencia,0,3,A,3.76,3.35,2.02,1415
23/09/14,Celta,La Coruna,2,1,H,1.59,3.96,5.88,1415
23/09/14,Real Madrid,Elche,5,1,H,1.08,11.78,30.13,1415
24/09/14,Almeria,Ath Madrid,0,1,A,5.88,3.87,1.6,1415
24/09/14,Eibar,Villarreal,1,1,D,3.33,3.11,2.32,1415
24/09/14,Granada,Levante,0,1,A,1.53,4,6.58,1415
24/09/14,Malaga,Barcelona,0,0,D,8.85,5.05,1.35,1415
24/09/14,Sevilla,Sociedad,1,0,H,1.78,3.74,4.4,1415
24/09/14,Vallecano,Ath Bilbao,2,1,H,3.11,3.37,2.29,1415
25/09/14,Espanol,Getafe,2,0,H,1.7,3.61,5.35,1415
25/09/14,Valencia,Cordoba,3,0,H,1.35,4.95,9.31,1415
26/09/14,Elche,Celta,0,1,A,3.02,3.24,2.44,1415
27/09/14,Ath Bilbao,Eibar,0,0,D,1.55,3.85,6.72,1415
27/09/14,Ath Madrid,Sevilla,4,0,H,1.72,3.65,5.04,1415
27/09/14,Barcelona,Granada,6,0,H,1.12,8.66,21.73,1415
27/09/14,Levante,Vallecano,0,2,A,2.9,3.27,2.47,1415
27/09/14,Villarreal,Real Madrid,0,2,A,5.21,4.01,1.64,1415
28/09/14,Cordoba,Espanol,0,0,D,2.77,3.21,2.62,1415
28/09/14,Getafe,Malaga,1,0,H,2.92,3.18,2.52,1415
28/09/14,La Coruna,Almeria,0,1,A,2.07,3.32,3.71,1415
28/09/14,Sociedad,Valencia,1,1,D,2.62,3.28,2.7,1415
03/10/14,Getafe,Cordoba,1,1,D,2,3.2,4.14,1415
04/10/14,Almeria,Elche,2,2,D,2.2,3.2,3.46,1415
04/10/14,Eibar,Levante,3,3,D,1.8,3.35,4.98,1415
04/10/14,Malaga,Granada,2,1,H,1.83,3.4,4.65,1415
04/10/14,Valencia,Ath Madrid,3,1,H,2.74,3.22,2.63,1415
04/10/14,Vallecano,Barcelona,0,2,A,10.3,5.96,1.27,1415
05/10/14,Celta,Villarreal,1,3,A,2.49,3.27,2.87,1415
05/10/14,Espanol,Sociedad,2,0,H,2.53,3.22,2.85,1415
05/10/14,Real Madrid,Ath Bilbao,5,0,H,1.2,6.76,13.48,1415
05/10/14,Sevilla,La Coruna,4,1,H,1.4,4.6,8.12,1415
17/10/14,Granada,Vallecano,0,1,A,2.26,3.3,3.29,1415
18/10/14,Ath Bilbao,Celta,1,1,D,1.95,3.5,3.9,1415
18/10/14,Barcelona,Eibar,3,0,H,1.1,9.71,26.31,1415
18/10/14,Cordoba,Malaga,1,2,A,3.22,3.1,2.38,1415
18/10/14,Levante,Real Madrid,0,5,A,15.25,7.04,1.18,1415
19/10/14,Ath Madrid,Espanol,2,0,H,1.34,4.74,10.29,1415
19/10/14,Elche,Sevilla,0,2,A,3.85,3.35,2.02,1415
19/10/14,La Coruna,Valencia,3,0,H,4.23,3.53,1.88,1415
19/10/14,Villarreal,Almeria,2,0,H,1.35,5.03,8.99,1415
20/10/14,Sociedad,Getafe,1,2,A,1.56,3.96,6.14,1415
24/10/14,Celta,Levante,3,0,H,1.47,4.37,7.1,1415
25/10/14,Almeria,Ath Bilbao,0,1,A,3.48,3.35,2.15,1415
25/10/14,Cordoba,Sociedad,1,1,D,3.27,3.29,2.26,1415
25/10/14,Eibar,Granada,1,1,D,2.13,3.16,3.72,1415
25/10/14,Real Madrid,Barcelona,3,1,H,2.34,3.56,2.92,1415
25/10/14,Valencia,Elche,3,1,H,1.38,4.72,8.8,1415
26/10/14,Espanol,La Coruna,0,0,D,1.86,3.43,4.41,1415
26/10/14,Getafe,Ath Madrid,0,1,A,6.82,3.82,1.55,1415
26/10/14,Malaga,Vallecano,4,0,H,1.91,3.45,4.15,1415
26/10/14,Sevilla,Villarreal,2,1,H,2.1,3.4,3.53,1415
31/10/14,La Coruna,Getafe,1,2,A,2.27,3.15,3.45,1415
01/11/14,Ath Madrid,Cordoba,4,2,H,1.19,6.5,17.33,1415
01/11/14,Barcelona,Celta,0,1,A,1.13,8.58,19.57,1415
01/11/14,Granada,Real Madrid,0,4,A,12.48,6.29,1.23,1415
01/11/14,Sociedad,Malaga,0,1,A,2.15,3.33,3.49,1415
02/11/14,Ath Bilbao,Sevilla,1,0,H,2.44,3.29,2.95,1415
02/11/14,Elche,Espanol,2,1,H,2.66,3.05,2.87,1415
02/11/14,Levante,Almeria,2,1,H,2.42,3.18,3.08,1415
02/11/14,Villarreal,Valencia,1,3,A,2.09,3.45,3.51,1415
03/11/14,Vallecano,Eibar,2,3,A,2.03,3.31,3.9,1415
07/11/14,Cordoba,La Coruna,0,0,D,2.32,3.18,3.29,1415
08/11/14,Almeria,Barcelona,1,2,A,16.78,7.32,1.17,1415
08/11/14,Celta,Granada,0,0,D,1.56,3.93,6.29,1415
08/11/14,Getafe,Elche,0,0,D,2,3.25,4.06,1415
08/11/14,Malaga,Eibar,2,1,H,1.58,3.8,6.42,1415
08/11/14,Real Madrid,Vallecano,5,1,H,1.07,13.01,27.41,1415
09/11/14,Espanol,Villarreal,1,1,D,2.96,3.22,2.44,1415
09/11/14,Sevilla,Levante,1,1,D,1.28,5.46,11.69,1415
09/11/14,Sociedad,Ath Madrid,2,1,H,4.5,3.53,1.83,1415
09/11/14,Valencia,Ath Bilbao,0,0,D,1.63,3.87,5.5,1415
21/11/14,Ath Bilbao,Espanol,3,1,H,1.84,3.5,4.53,1415
22/11/14,Ath Madrid,Malaga,3,1,H,1.46,4.28,7.52,1415
22/11/14,Barcelona,Sevilla,5,1,H,1.23,6.53,11.98,1415
22/11/14,Eibar,Real Madrid,0,4,A,14.89,6.78,1.19,1415
22/11/14,La Coruna,Sociedad,0,0,D,3.37,3.28,2.22,1415
23/11/14,Elche,Cordoba,2,2,D,1.96,3.27,4.22,1415
23/11/14,Levante,Valencia,2,1,H,5.34,3.71,1.68,1415
23/11/14,Vallecano,Celta,1,0,H,2.68,3.38,2.59,1415
23/11/14,Villarreal,Getafe,2,1,H,1.46,4.44,7.07,1415
24/11/14,Granada,Almeria,0,0,D,2.05,3.3,3.79,1415
28/11/14,Sociedad,Elche,3,0,H,1.7,3.7,5.24,1415
29/11/14,Celta,Eibar,0,1,A,1.64,3.82,5.47,1415
29/11/14,Espanol,Levante,2,1,H,1.68,3.6,5.51,1415
29/11/14,Getafe,Ath Bilbao,1,2,A,2.84,3.11,2.63,1415
29/11/14,Malaga,Real Madrid,1,2,A,9.4,5.5,1.31,1415
30/11/14,Ath Madrid,La Coruna,2,0,H,1.18,6.67,17.6,1415
30/11/14,Cordoba,Villarreal,0,2,A,4.35,3.5,1.86,1415
30/11/14,Sevilla,Granada,5,1,H,1.43,4.4,7.68,1415
30/11/14,Valencia,Barcelona,0,1,A,5.81,4.3,1.54,1415
01/12/14,Almeria,Vallecano,0,1,A,2.36,3.32,3.01,1415
06/12/14,Ath Bilbao,Cordoba,0,1,A,1.39,4.51,9.18,1415
06/12/14,Elche,Ath Madrid,0,2,A,6.85,3.83,1.55,1415
06/12/14,La Coruna,Malaga,0,1,A,3.43,3.2,2.23,1415
06/12/14,Real Madrid,Celta,3,0,H,1.1,10.79,19.57,1415
07/12/14,Barcelona,Espanol,5,1,H,1.09,11.13,25.87,1415
07/12/14,Granada,Valencia,1,1,D,3.83,3.33,2.03,1415
07/12/14,Vallecano,Sevilla,0,1,A,3.28,3.4,2.2,1415
07/12/14,Villarreal,Sociedad,4,0,H,1.7,3.79,4.99,1415
08/12/14,Eibar,Almeria,5,2,H,2.04,3.24,3.89,1415
08/12/14,Levante,Getafe,1,1,D,2.53,3.11,2.96,1415
12/12/14,Almeria,Real Madrid,1,4,A,17.64,7.96,1.16,1415
13/12/14,Cordoba,Levante,0,0,D,2.23,3.16,3.48,1415
13/12/14,Getafe,Barcelona,0,0,D,14.1,6.59,1.21,1415
13/12/14,Malaga,Celta,1,0,H,2.18,3.35,3.38,1415
13/12/14,Valencia,Vallecano,3,0,H,1.47,4.44,6.76,1415
14/12/14,Ath Madrid,Villarreal,0,1,A,1.62,3.79,5.8,1415
14/12/14,Espanol,Granada,2,1,H,1.73,3.49,5.31,1415
14/12/14,Sevilla,Eibar,0,0,D,1.41,4.52,8.18,1415
14/12/14,Sociedad,Ath Bilbao,1,1,D,2.44,3.19,3.02,1415
15/12/14,La Coruna,Elche,1,0,H,2.26,3.16,3.34,1415
19/12/14,Celta,Almeria,0,1,A,1.46,4.5,7.01,1415
20/12/14,Barcelona,Cordoba,5,0,H,1.05,14.24,33.6,1415
20/12/14,Eibar,Valencia,0,1,A,3.66,3.33,2.09,1415
20/12/14,Levante,Sociedad,1,1,D,3,3.13,2.5,1415
20/12/14,Vallecano,Espanol,1,3,A,2.29,3.35,3.16,1415
21/12/14,Ath Bilbao,Ath Madrid,1,4,A,3.49,3.16,2.22,1415
21/12/14,Elche,Malaga,1,2,A,2.95,3.17,2.5,1415
21/12/14,Granada,Getafe,1,1,D,2.37,3.11,3.25,1415
21/12/14,Villarreal,La Coruna,3,0,H,1.34,4.99,9.47,1415
03/01/15,Ath Madrid,Levante,3,1,H,1.19,6.37,18.34,1415
03/01/15,Elche,Villarreal,2,2,D,4.85,3.57,1.76,1415
03/01/15,La Coruna,Ath Bilbao,1,0,H,3.22,3.17,2.34,1415
03/01/15,Malaga,Almeria,1,2,A,1.52,4.08,6.59,1415
03/01/15,Sevilla,Celta,1,0,H,1.66,3.85,5.19,1415
04/01/15,Espanol,Eibar,1,2,A,1.85,3.38,4.58,1415
04/01/15,Getafe,Vallecano,1,2,A,2.25,3.29,3.28,1415
04/01/15,Sociedad,Barcelona,1,0,H,9.31,5.19,1.33,1415
04/01/15,Valencia,Real Madrid,2,1,H,5.69,4.3,1.55,1415
05/01/15,Cordoba,Granada,2,0,H,2.54,3.03,3.03,1415
09/01/15,Levante,La Coruna,0,0,D,2.2,3.14,3.59,1415
10/01/15,Celta,Valencia,1,1,D,2.67,3.29,2.66,1415
10/01/15,Eibar,Getafe,2,1,H,2.29,3.11,3.38,1415
10/01/15,Malaga,Villarreal,1,1,D,2.9,3.19,2.53,1415
10/01/15,Real Madrid,Espanol,3,0,H,1.08,10.93,25.94,1415
11/01/15,Almeria,Sevilla,0,2,A,4.32,3.45,1.88,1415
11/01/15,Ath Bilbao,Elche,1,2,A,1.51,3.9,7.47,1415
11/01/15,Barcelona,Ath Madrid,3,1,H,1.58,3.94,5.91,1415
11/01/15,Granada,Sociedad,1,1,D,2.82,3.09,2.66,1415
12/01/15,Vallecano,Cordoba,0,1,A,1.68,3.67,5.38,1415
16/01/15,Cordoba,Eibar,1,1,D,2.6,2.99,3,1415
17/01/15,Espanol,Celta,1,0,H,2.71,3.23,2.66,1415
17/01/15,Sociedad,Vallecano,0,1,A,1.85,3.6,4.27,1415
17/01/15,Valencia,Almeria,3,2,H,1.32,5.18,9.54,1415
17/01/15,Villarreal,Ath Bilbao,2,0,H,1.65,3.73,5.5,1415
18/01/15,Ath Madrid,Granada,2,0,H,1.18,6.75,17.45,1415
18/01/15,Elche,Levante,1,0,H,2.17,3.22,3.55,1415
18/01/15,Getafe,Real Madrid,0,3,A,11.88,6.3,1.23,1415
18/01/15,La Coruna,Barcelona,0,4,A,15.61,7.1,1.18,1415
18/01/15,Sevilla,Malaga,2,0,H,1.73,3.67,4.97,1415
24/01/15,Ath Madrid,Vallecano,3,1,H,1.28,5.5,11.07,1415
24/01/15,Cordoba,Real Madrid,1,2,A,19.92,8.21,1.14,1415
24/01/15,Elche,Barcelona,0,6,A,17.27,7.16,1.17,1415
24/01/15,Sociedad,Eibar,1,0,H,1.74,3.54,5.06,1415
24/01/15,Villarreal,Levante,1,0,H,1.29,5.18,11.79,1415
25/01/15,Ath Bilbao,Malaga,1,1,D,2.07,3.23,3.83,1415
25/01/15,Espanol,Almeria,3,0,H,1.74,3.54,5.04,1415
25/01/15,La Coruna,Granada,2,2,D,2.23,3.09,3.52,1415
25/01/15,Valencia,Sevilla,3,1,H,2.18,3.32,3.38,1415
26/01/15,Getafe,Celta,2,1,H,2.94,3.13,2.5,1415
30/01/15,Vallecano,La Coruna,1,2,A,1.77,3.57,4.82,1415
31/01/15,Celta,Cordoba,1,0,H,1.47,4.19,7.45,1415
31/01/15,Eibar,Ath Madrid,1,3,A,6.18,3.75,1.59,1415
31/01/15,Granada,Elche,1,0,H,1.95,3.22,4.31,1415
31/01/15,Real Madrid,Sociedad,4,1,H,1.18,7.14,14.91,1415
01/02/15,Almeria,Getafe,1,0,H,2.34,3.12,3.23,1415
01/02/15,Barcelona,Villarreal,3,2,H,1.21,6.61,12.92,1415
01/02/15,Levante,Ath Bilbao,0,2,A,3.35,3.11,2.3,1415
01/02/15,Sevilla,Espanol,3,2,H,1.63,3.8,5.62,1415
02/02/15,Malaga,Valencia,1,0,H,2.66,3.21,2.71,1415
04/02/15,Real Madrid,Sevilla,2,1,H,1.27,5.92,10.39,1415
06/02/15,La Coruna,Eibar,2,0,H,2.16,3.14,3.68,1415
07/02/15,Ath Madrid,Real Madrid,4,0,H,2.89,3.38,2.43,1415
07/02/15,Levante,Malaga,4,1,H,3.27,3.15,2.31,1415
07/02/15,Sociedad,Celta,1,1,D,2.55,3.18,2.87,1415
07/02/15,Villarreal,Granada,2,0,H,1.31,5.21,10.11,1415
08/02/15,Ath Bilbao,Barcelona,2,5,A,8.69,5.17,1.34,1415
08/02/15,Cordoba,Almeria,1,2,A,2.25,3.12,3.44,1415
08/02/15,Espanol,Valencia,1,2,A,2.8,3.19,2.6,1415
08/02/15,Getafe,Sevilla,2,1,H,3.69,3.28,2.09,1415
09/02/15,Elche,Vallecano,2,0,H,2.66,3.17,2.73,1415
13/02/15,Almeria,Sociedad,2,2,D,2.47,3.14,3.03,1415
14/02/15,Granada,Ath Bilbao,0,0,D,2.91,3.11,2.58,1415
14/02/15,Malaga,Espanol,0,2,A,2.1,3.28,3.67,1415
14/02/15,Real Madrid,La Coruna,2,0,H,1.09,10.92,25.26,1415
14/02/15,Sevilla,Cordoba,3,0,H,1.36,4.86,8.96,1415
15/02/15,Barcelona,Levante,5,0,H,1.05,14.41,33.7,1415
15/02/15,Celta,Ath Madrid,2,0,H,3.73,3.28,2.08,1415
15/02/15,Valencia,Getafe,1,0,H,1.44,4.4,7.5,1415
15/02/15,Vallecano,Villarreal,2,0,H,3.38,3.42,2.14,1415
16/02/15,Eibar,Elche,0,1,A,2.14,3.1,3.76,1415
20/02/15,Getafe,Espanol,2,1,H,2.47,3.11,3.07,1415
21/02/15,Ath Madrid,Almeria,3,0,H,1.21,6.26,15.64,1415
21/02/15,Barcelona,Malaga,0,1,A,1.1,9.7,24.41,1415
21/02/15,Cordoba,Valencia,1,2,A,4.22,3.39,1.92,1415
21/02/15,La Coruna,Celta,0,2,A,3.32,3.22,2.27,1415
22/02/15,Ath Bilbao,Vallecano,1,0,H,1.9,3.47,4.21,1415
22/02/15,Elche,Real Madrid,0,2,A,15.04,6.83,1.19,1415
22/02/15,Sociedad,Sevilla,4,3,H,2.94,3.28,2.45,1415
22/02/15,Villarreal,Eibar,1,0,H,1.36,4.81,9.19,1415
23/02/15,Levante,Granada,2,1,H,2.26,3.09,3.47,1415
27/02/15,Espanol,Cordoba,1,0,H,1.58,3.83,6.36,1415
28/02/15,Almeria,La Coruna,0,0,D,2.24,3.19,3.41,1415
28/02/15,Granada,Barcelona,1,3,A,17.72,7.32,1.16,1415
28/02/15,Malaga,Getafe,3,2,H,1.76,3.48,5.04,1415
28/02/15,Vallecano,Levante,4,2,H,1.7,3.66,5.16,1415
01/03/15,Eibar,Ath Bilbao,0,1,A,3.21,3.09,2.39,1415
01/03/15,Real Madrid,Villarreal,1,1,D,1.22,6.41,12.51,1415
01/03/15,Sevilla,Ath Madrid,0,0,D,2.93,3.18,2.5,1415
01/03/15,Valencia,Sociedad,2,0,H,1.59,3.93,5.87,1415
02/03/15,Celta,Elche,1,1,D,1.5,4.08,6.91,1415
06/03/15,Levante,Eibar,2,1,H,2.1,3.14,3.88,1415
07/03/15,Ath Bilbao,Real Madrid,1,0,H,6.84,4.57,1.45,1415
07/03/15,Elche,Almeria,1,0,H,2.1,3.26,3.66,1415
07/03/15,Granada,Malaga,1,0,H,2.87,3.1,2.6,1415
07/03/15,La Coruna,Sevilla,3,4,A,3.54,3.38,2.1,1415
08/03/15,Ath Madrid,Valencia,1,1,D,1.62,3.76,5.81,1415
08/03/15,Barcelona,Vallecano,6,1,H,1.06,13.93,30.37,1415
08/03/15,Sociedad,Espanol,1,0,H,2.19,3.23,3.47,1415
08/03/15,Villarreal,Celta,4,1,H,1.92,3.49,4.04,1415
09/03/15,Cordoba,Getafe,1,2,A,2.46,3.05,3.1,1415
13/03/15,Valencia,La Coruna,2,0,H,1.43,4.54,7.62,1415
14/03/15,Celta,Ath Bilbao,1,2,A,2.1,3.29,3.63,1415
14/03/15,Eibar,Barcelona,0,2,A,20.38,8.14,1.14,1415
14/03/15,Espanol,Ath Madrid,0,0,D,3.67,3.2,2.12,1415
14/03/15,Vallecano,Granada,3,1,H,1.97,3.4,3.93,1415
15/03/15,Almeria,Villarreal,0,0,D,3.96,3.41,1.97,1415
15/03/15,Malaga,Cordoba,2,0,H,1.55,3.85,6.73,1415
15/03/15,Real Madrid,Levante,2,0,H,1.07,12.88,29.77,1415
15/03/15,Sevilla,Elche,3,0,H,1.38,4.72,8.74,1415
16/03/15,Getafe,Sociedad,0,1,A,2.32,3.14,3.22,1415
20/03/15,Elche,Valencia,0,4,A,4.2,3.41,1.9,1415
21/03/15,Ath Bilbao,Almeria,2,1,H,1.5,4.12,6.8,1415
21/03/15,Ath Madrid,Getafe,2,0,H,1.31,5.03,11.26,1415
21/03/15,Granada,Eibar,0,0,D,1.95,3.19,4.38,1415
21/03/15,Levante,Celta,0,1,A,3.42,3.25,2.19,1415
21/03/15,Vallecano,Malaga,1,0,H,2.49,3.33,2.82,1415
22/03/15,Barcelona,Real Madrid,2,1,H,1.67,4.24,4.6,1415
22/03/15,La Coruna,Espanol,0,0,D,2.53,3.15,2.89,1415
22/03/15,Sociedad,Cordoba,3,1,H,1.63,3.65,5.89,1415
22/03/15,Villarreal,Sevilla,0,2,A,2.05,3.46,3.54,1415
03/04/15,Eibar,Vallecano,1,2,A,2.54,3.2,2.87,1415
04/04/15,Almeria,Levante,1,4,A,2.15,3.2,3.6,1415
04/04/15,Cordoba,Ath Madrid,0,2,A,8.31,4.39,1.42,1415
04/04/15,Malaga,Sociedad,1,1,D,1.96,3.39,4.03,1415
04/04/15,Sevilla,Ath Bilbao,2,0,H,1.74,3.7,4.79,1415
05/04/15,Celta,Barcelona,0,1,A,7.43,4.86,1.4,1415
05/04/15,Getafe,La Coruna,2,1,H,2.25,3.18,3.37,1415
05/04/15,Real Madrid,Granada,9,1,H,1.07,11.92,28.09,1415
05/04/15,Valencia,Villarreal,0,0,D,2.03,3.51,3.58,1415
06/04/15,Espanol,Elche,1,1,D,1.65,3.62,5.74,1415
07/04/15,Ath Madrid,Sociedad,2,0,H,1.32,4.97,10.95,1415
07/04/15,Eibar,Malaga,1,0,H,3.16,3.1,2.41,1415
07/04/15,Levante,Sevilla,1,2,A,4.47,3.65,1.8,1415
08/04/15,Barcelona,Almeria,4,0,H,1.05,14.17,42.74,1415
08/04/15,Granada,Celta,1,1,D,3.22,3.18,2.32,1415
08/04/15,La Coruna,Cordoba,1,1,D,1.73,3.57,5.09,1415
08/04/15,Vallecano,Real Madrid,0,2,A,11.26,6.63,1.23,1415
09/04/15,Ath Bilbao,Valencia,1,1,D,2.46,3.26,2.92,1415
09/04/15,Elche,Getafe,0,1,A,2.31,3.11,3.31,1415
09/04/15,Villarreal,Espanol,0,3,A,1.55,3.87,6.59,1415
11/04/15,Almeria,Granada,3,0,H,2.39,3.15,3.14,1415
11/04/15,Celta,Vallecano,6,1,H,1.77,3.75,4.5,1415
11/04/15,Malaga,Ath Madrid,2,2,D,3.87,3.3,2.02,1415
11/04/15,Real Madrid,Eibar,3,0,H,1.06,13.23,35.15,1415
11/04/15,Sevilla,Barcelona,2,2,D,5,4.35,1.6,1415
12/04/15,Cordoba,Elche,0,2,A,2.36,3.1,3.24,1415
12/04/15,Espanol,Ath Bilbao,1,0,H,2.39,3.18,3.09,1415
12/04/15,Getafe,Villarreal,1,1,D,3.63,3.31,2.1,1415
12/04/15,Sociedad,La Coruna,2,2,D,1.87,3.52,4.24,1415
13/04/15,Valencia,Levante,3,0,H,1.32,5,9.97,1415
17/04/15,Levante,Espanol,2,2,D,2.84,3.08,2.66,1415
18/04/15,Ath Bilbao,Getafe,4,0,H,1.64,3.67,5.73,1415
18/04/15,Barcelona,Valencia,2,0,H,1.21,6.6,12.7,1415
18/04/15,La Coruna,Ath Madrid,1,2,A,4.74,3.38,1.82,1415
18/04/15,Real Madrid,Malaga,3,1,H,1.15,8.05,15.94,1415
19/04/15,Eibar,Celta,0,1,A,3.49,3.33,2.13,1415
19/04/15,Granada,Sevilla,1,1,D,4.17,3.63,1.85,1415
19/04/15,Vallecano,Almeria,2,0,H,1.8,3.73,4.33,1415
19/04/15,Villarreal,Cordoba,0,0,D,1.3,5.3,10.27,1415
20/04/15,Elche,Sociedad,1,0,H,2.6,3.16,2.81,1415
24/04/15,Cordoba,Ath Bilbao,0,1,A,4.09,3.4,1.95,1415
25/04/15,Ath Madrid,Elche,3,0,H,1.18,6.47,18.98,1415
25/04/15,Espanol,Barcelona,0,2,A,10.95,5.91,1.26,1415
25/04/15,Getafe,Levante,0,1,A,2.2,3.17,3.52,1415
25/04/15,Sociedad,Villarreal,0,0,D,2.89,3.28,2.47,1415
26/04/15,Almeria,Eibar,2,0,H,2.18,3.23,3.51,1415
26/04/15,Celta,Real Madrid,2,4,A,5.41,4.28,1.58,1415
26/04/15,Malaga,La Coruna,1,1,D,1.72,3.67,4.98,1415
26/04/15,Sevilla,Vallecano,2,0,H,1.38,5.08,7.7,1415
27/04/15,Valencia,Granada,4,0,H,1.31,5.13,10.13,1415
28/04/15,Ath Bilbao,Sociedad,1,1,D,1.66,3.71,5.54,1415
28/04/15,Barcelona,Getafe,6,0,H,1.04,17.51,39.44,1415
28/04/15,Levante,Cordoba,1,0,H,1.83,3.48,4.54,1415
29/04/15,Celta,Malaga,1,0,H,1.71,3.77,4.86,1415
29/04/15,Eibar,Sevilla,1,3,A,5.77,4.03,1.58,1415
29/04/15,Elche,La Coruna,4,0,H,2.27,3.19,3.33,1415
29/04/15,Real Madrid,Almeria,3,0,H,1.08,11.51,28.11,1415
29/04/15,Villarreal,Ath Madrid,0,1,A,3.4,3.25,2.22,1415
30/04/15,Granada,Espanol,1,2,A,2.56,3.1,2.91,1415
30/04/15,Vallecano,Valencia,1,1,D,4.07,3.62,1.87,1415
01/05/15,Sociedad,Levante,3,0,H,1.87,3.55,4.28,1415
02/05/15,Ath Madrid,Ath Bilbao,0,0,D,1.42,4.4,8.3,1415
02/05/15,Cordoba,Barcelona,0,8,A,29.08,10.65,1.09,1415
02/05/15,La Coruna,Villarreal,1,1,D,3.5,3.36,2.13,1415
02/05/15,Sevilla,Real Madrid,2,3,A,3.47,3.67,2.03,1415
03/05/15,Espanol,Vallecano,1,1,D,1.78,3.74,4.48,1415
03/05/15,Getafe,Granada,1,2,A,2.09,3.28,3.69,1415
03/05/15,Malaga,Elche,1,2,A,1.61,3.8,5.91,1415
03/05/15,Valencia,Eibar,3,1,H,1.21,6.17,15.18,1415
04/05/15,Almeria,Celta,2,2,D,3.67,3.44,2.04,1415
08/05/15,Eibar,Espanol,0,2,A,2.87,3.1,2.61,1415
09/05/15,Ath Bilbao,La Coruna,1,1,D,1.59,3.92,5.89,1415
09/05/15,Barcelona,Sociedad,2,0,H,1.05,14.49,36.14,1415
09/05/15,Granada,Cordoba,2,0,H,1.44,4.37,7.7,1415
09/05/15,Real Madrid,Valencia,2,2,D,1.41,5.01,6.83,1415
10/05/15,Almeria,Malaga,1,2,A,2.59,3.23,2.78,1415
10/05/15,Celta,Sevilla,1,1,D,2.76,3.58,2.42,1415
10/05/15,Levante,Ath Madrid,2,2,D,7.03,3.93,1.52,1415
10/05/15,Villarreal,Elche,1,0,H,1.36,4.8,9.11,1415
11/05/15,Vallecano,Getafe,2,0,H,1.94,3.56,3.78,1415
17/05/15,Ath Madrid,Barcelona,0,1,A,4.75,3.68,1.74,1415
17/05/15,Cordoba,Vallecano,1,2,A,4.44,3.84,1.75,1415
17/05/15,Elche,Ath Bilbao,2,3,A,3.61,3.29,2.1,1415
17/05/15,Espanol,Real Madrid,1,4,A,6.04,4.39,1.52,1415
17/05/15,Getafe,Eibar,1,1,D,2.21,3.09,3.58,1415
17/05/15,La Coruna,Levante,2,0,H,1.72,3.69,4.9,1415
17/05/15,Sevilla,Almeria,2,1,H,1.27,5.85,10.35,1415
17/05/15,Sociedad,Granada,0,3,A,2.19,3.36,3.31,1415
17/05/15,Valencia,Celta,1,1,D,1.58,4.17,5.5,1415
17/05/15,Villarreal,Malaga,2,1,H,1.86,3.65,4.12,1415
23/05/15,Almeria,Valencia,2,3,A,4.8,4.16,1.65,1415
23/05/15,Ath Bilbao,Villarreal,4,0,H,1.73,3.76,4.72,1415
23/05/15,Barcelona,La Coruna,2,2,D,1.26,6.05,10.18,1415
23/05/15,Celta,Espanol,3,2,H,1.69,3.93,4.78,1415
23/05/15,Eibar,Cordoba,3,0,H,1.34,4.91,9.26,1415
23/05/15,Granada,Ath Madrid,0,0,D,4.34,2.37,2.39,1415
23/05/15,Levante,Elche,0,0,D,1.99,3.42,3.83,1415
23/05/15,Malaga,Sevilla,2,3,A,3.14,3.73,2.13,1415
23/05/15,Real Madrid,Getafe,7,3,H,1.11,9.49,20.36,1415
23/05/15,Vallecano,Sociedad,2,4,A,1.87,3.78,3.9,1415
